p,q,b,CVaR,CVaR.se
0.01,-0.140279775813065,0,-0.017537304605971627,0.07668805075384542
0.01,-0.173181008649417,0.05,0.09689955430152554,0.09341270195997871
0.01,-0.223181008649417,0.1,0.14679522086747124,0.09272149889174881
0.01,-0.273181008649417,0.15000000000000002,0.19669088743341687,0.09232055887029166
0.01,-0.323181008649417,0.2,0.24658655399936252,0.09221366811723215
0.01,-0.373181008649417,0.25,0.2964822205653082,0.09240184710961538
0.02,-0.123176223229797,0,-0.04770304305919451,0.04755762771926755
0.02,-0.153714930390516,0.05,0.028390428703653596,0.07883550102805506
0.02,-0.203589102951661,0.1,0.07439340572373147,0.0786472317787026
0.02,-0.25358910295166104,0.15000000000000002,0.1244065598774582,0.07841898107769418
0.02,-0.303589102951661,0.2,0.17441971403118484,0.07835916433240835
0.02,-0.353589102951661,0.25,0.2244328681849115,0.07846816673837759
0.03,-0.11270478824176,0,-0.07828194267253721,0.040993570910111035
0.03,-0.1391711333782194,0.05,-0.02973409801766785,0.05952780184299596
0.03,-0.1890683384848242,0.1,0.03419236088574788,0.060179982994447656
0.03,-0.23906833848482423,0.15000000000000002,0.08426610759878184,0.059992743305025915
0.03,-0.2890683384848242,0.2,0.13433985431181575,0.059947028605459154
0.03,-0.3390683384848242,0.25,0.18441360102484963,0.06004316215269668
0.04,-0.103589102951661,0,-0.0707159378442905,0.03983228789885399
0.04,-0.1294770018374461,0.05,-0.024159270502135767,0.049768664525313394
0.04,-0.1790854536485112,0.1,0.03499387037052212,0.05059369416938448
0.04,-0.22908545364851124,0.15000000000000002,0.0849787107013175,0.05048121654443783
0.04,-0.27908545364851123,0.2,0.13496355103211286,0.050494177298935496
0.04,-0.3290854536485112,0.25,0.1849483913629082,0.0506324801049182
0.05,-0.0953757044243767,0,-0.09133510731663505,0.03391337832104044
0.05,-0.12100174294967199,0.05,-0.04369208881842813,0.044217642478784576
0.05,-0.1702863691417594,0.1,0.010769620168281506,0.044117271044361875
0.05,-0.22028636914175942,0.15000000000000002,0.060760064084985826,0.044021581183356646
0.05,-0.2702863691417594,0.2,0.1107505080016901,0.044034848201242587
0.05,-0.3202863691417594,0.25,0.1607409519183944,0.044156973889438386
0.060000000000000005,-0.0890683384848242,0,-0.08361667058917117,0.03064445044675139
0.060000000000000005,-0.113923271865136,0.05,-0.03922523320347815,0.03976176656329174
0.060000000000000005,-0.16314336041427852,0.1,0.025192987049213203,0.040318842226678156
0.060000000000000005,-0.2131433604142785,0.15000000000000002,0.07518917367802501,0.040247825397217815
0.060000000000000005,-0.2631433604142785,0.2,0.12518536030683683,0.04027317434237118
0.060000000000000005,-0.3131433604142785,0.25,0.1751815469356486,0.040394707644913645
0.06999999999999999,-0.0839897716485562,0,-0.07951902285131732,0.027275922351381657
0.06999999999999999,-0.1076342486066666,0.05,-0.047361941158158595,0.036363322105239314
0.06999999999999999,-0.1566527754317791,0.1,-0.006400683796849346,0.03648106693287633
0.06999999999999999,-0.20665277543177912,0.15000000000000002,0.043640949280450946,0.03639450160834736
0.06999999999999999,-0.2566527754317791,0.2,0.09368258235775118,0.03639675541443222
0.06999999999999999,-0.3066527754317791,0.25,0.14372421543505143,0.036487811892397866
0.08,-0.0790581636306294,0,-0.0780277893723004,0.02584052390034438
0.08,-0.102335536114338,0.05,-0.05661762852532203,0.03453377310415903
0.08,-0.1508437526199343,0.1,-0.001334239950718752,0.034827038416227696
0.08,-0.2008437526199343,0.15000000000000002,0.04866024278130957,0.03476864864669051
0.08,-0.2508437526199343,0.2,0.09865472551333786,0.03478902638591524
0.08,-0.3008437526199343,0.25,0.14864920824536618,0.03488803361231581
0.09,-0.0743906068022217,0,-0.08449404945958068,0.024246989169277377
0.09,-0.09737067502794461,0.05,-0.052434857079564835,0.032759719341619024
0.09,-0.1454505850968017,0.1,0.012692872127071295,0.03367612098018436
0.09,-0.19545058509680172,0.15000000000000002,0.06274523778696393,0.03363073025229384
0.09,-0.2454505850968017,0.2,0.11279760344685648,0.03365511343293706
0.09,-0.2954505850968017,0.25,0.1628499691067491,0.033749119290967244
0.09999999999999999,-0.0702656979410522,0,-0.08601692625731802,0.02264619788557922
0.09999999999999999,-0.09251161761380601,0.05,-0.023070253177925777,0.03217635034843682
0.09999999999999999,-0.14020013314913282,0.1,0.040414301245706295,0.033041078814101094
0.09999999999999999,-0.1902001331491328,0.15000000000000002,0.09044838986889973,0.03300329575971758
0.09999999999999999,-0.2402001331491328,0.2,0.14048247849209317,0.033026902281689856
0.09999999999999999,-0.2902001331491328,0.25,0.1905165671152866,0.033111767080032654
0.11,-0.0665376673147263,0,-0.08573370461456227,0.021716725526845934
0.11,-0.0882797640041782,0.05,-0.007119591265511832,0.030767396634683107
0.11,-0.1358838193868532,0.1,0.05256131264358236,0.031997321715871545
0.11,-0.18588381938685322,0.15000000000000002,0.10255746224552297,0.03197703544006241
0.11,-0.2358838193868532,0.2,0.15255361184746352,0.03201310670119272
0.11,-0.2858838193868532,0.25,0.2025497614494041,0.03210534554197813
0.12,-0.0631406628603895,0,-0.07500312297712737,0.020718319929467755
0.12,-0.0844405256149422,0.05,-0.004722601988733576,0.029607721657163535
0.12,-0.13172918224770042,0.1,0.0550459176135536,0.030508463415963055
0.12,-0.18172824044325614,0.15000000000000002,0.10489319776765474,0.030489019959932157
0.12,-0.23172824044325613,0.2,0.15489070625805704,0.030521749417331493
0.12,-0.2817282404432561,0.25,0.20488821474845934,0.030606769918100234
0.13,-0.0599636870275124,0,-0.08277205009450497,0.01984777047407543
0.13,-0.08072631689024361,0.05,0.0012998136182243141,0.02847907673907034
0.13,-0.12738270802303012,0.1,0.04646222906149231,0.02883480974590556
0.13,-0.17737676971252703,0.15000000000000002,0.09651324762484814,0.028807131828174154
0.13,-0.22737676971252702,0.2,0.14650820275803036,0.028828893100036952
0.13,-0.277376769712527,0.25,0.1965031578912126,0.028900034361320184
0.14,-0.0566527754317791,0,-0.08767329776821355,0.018884466507346154
0.14,-0.0768761187313435,0.05,-0.006511992332945173,0.026842958426681267
0.14,-0.1232437775196105,0.1,0.03802058924964432,0.027657739576129176
0.14,-0.17322347054801202,0.15000000000000002,0.08795649643959835,0.027630104740332454
0.14,-0.223223470548012,0.2,0.13795119570896944,0.027649124537583402
0.14,-0.273223470548012,0.25,0.18794589497834047,0.02771490882652756
0.15000000000000002,-0.0538785006857505,0,-0.08601694386033673,0.018421036057560965
0.15000000000000002,-0.073189625096665,0.05,-0.01723696605903882,0.02579420300701102
0.15000000000000002,-0.11918578538307141,0.1,0.023408666843895677,0.02655345480069823
0.15000000000000002,-0.16916839832582012,0.15000000000000002,0.0734974165584095,0.026517874064153305
0.15000000000000002,-0.2191683983258201,0.2,0.12349420022620192,0.026526525471619607
0.15000000000000002,-0.2691683983258201,0.25,0.1734909838939943,0.026579467930090663
0.16,-0.0508357060737593,0,-0.08213723561110088,0.017957960432374204
0.16,-0.0697366879465526,0.05,-0.02681731511609421,0.024776757408234946
0.16,-0.11529305587271431,0.1,0.027090994631236622,0.02597264931305287
0.16,-0.165282375623432,0.15000000000000002,0.0772490327219417,0.025940958275857115
0.16,-0.215282375623432,0.2,0.12724715480243867,0.025950516828142034
0.16,-0.265282375623432,0.25,0.17724527688293562,0.02600141795206848
0.17,-0.0482148083515651,0,-0.08031459343841361,0.017639489818841284
0.17,-0.0664259188445,0.05,-0.02170821208000462,0.024313724541444443
0.17,-0.1114417688990504,0.1,0.03839516067186506,0.025154440257484353
0.17,-0.16143015929966953,0.15000000000000002,0.08848631776150251,0.02512368180667069
0.17,-0.21143015929966952,0.2,0.13848557362302508,0.025131791407285074
0.17,-0.2614301592996695,0.25,0.18848482948454764,0.025178994433115116
0.18000000000000002,-0.0454505850968017,0,-0.07253615722135687,0.017262132759947566
0.18000000000000002,-0.06333361009244261,0.05,-0.025909257696197247,0.02325792532502444
0.18000000000000002,-0.10766848264449473,0.1,0.039147238915872455,0.024263737449488287
0.18000000000000002,-0.15765664235273924,0.15000000000000002,0.08937486414050216,0.02423345622251437
0.18000000000000002,-0.20765664235273923,0.2,0.1393741286587725,0.024240252547767654
0.18000000000000002,-0.2576566423527392,0.25,0.18937339317704283,0.024284227476724554
0.19,-0.0428421492424163,0,-0.06227295315561123,0.017179334982043732
0.19,-0.059973440761228375,0.05,-0.01590213480407505,0.022624481597943207
0.19,-0.10415234137186015,0.1,0.04120388589251266,0.02352691394671059
0.19,-0.1541195244064427,0.15000000000000002,0.09095778243678442,0.023496931694643397
0.19,-0.20411952440644268,0.2,0.1409520575749934,0.023500033207025785
0.19,-0.2541195244064427,0.25,0.19094633271320247,0.02353842168487145
0.2,-0.0402001331491328,0,-0.0560319396515058,0.016775888676279355
0.2,-0.05692234539174011,0.05,-0.01864733686572496,0.02182043013219451
0.2,-0.1008461220775188,0.1,0.028198015363361504,0.022523422611486873
0.2,-0.1508198584195821,0.15000000000000002,0.07802159877734104,0.022486050034441724
0.2,-0.20081985841958208,0.2,0.12802073801030464,0.022482481764303473
0.2,-0.25081985841958204,0.25,0.17801987724326826,0.022513167696174043
0.21000000000000002,-0.0380874806292548,0,-0.051826526901707914,0.01634408853346508
0.21000000000000002,-0.053982239956976784,0.05,-0.015869818325435762,0.0211632171983281
0.21000000000000002,-0.09726192045003716,0.1,0.037808556153611575,0.02200846602779122
0.21000000000000002,-0.14722612234482135,0.15000000000000002,0.08789915652017125,0.021974707594516103
0.21000000000000002,-0.19722612234482134,0.2,0.13789441294340157,0.02197291319222354
0.21000000000000002,-0.24722612234482133,0.25,0.18788966936663193,0.022003295531455334
0.22,-0.0358827021197662,0,-0.04772886690647798,0.016138877454045356
0.22,-0.05123058852042919,0.05,-0.02307954273038654,0.020329474719814132
0.22,-0.09396440301652892,0.1,0.02928076234597709,0.021255316495943033
0.22,-0.14391771202697135,0.15000000000000002,0.0795246457006698,0.021219461988758025
0.22,-0.19391771202697133,0.2,0.12952051664151606,0.021214103916377156
0.22,-0.24391771202697132,0.25,0.17951638758236227,0.021239626966975025
0.23,-0.0336945927209756,0,-0.046863461172379495,0.01567005850528565
0.23,-0.04824083745300542,0.05,-0.02510306951224949,0.01974788470866502
0.23,-0.09057753772426498,0.1,0.03019041612577007,0.020633197713392035
0.23,-0.14053486112945526,0.15000000000000002,0.07905361655067335,0.020603542150404757
0.23,-0.19053486112945525,0.2,0.12906943214748406,0.02059640693914296
0.23,-0.24053486112945524,0.25,0.1790852477442948,0.020618685997158902
0.24000000000000002,-0.0317258305957437,0,-0.04449172599485828,0.015374005077062667
0.24000000000000002,-0.04548938099338047,0.05,-0.016834928172748134,0.01926220542993705
0.24000000000000002,-0.087403959798099,0.1,0.019032159240262865,0.01998639523764071
0.24000000000000002,-0.13733787208572762,0.15000000000000002,0.06913076395782783,0.019947506820976815
0.24000000000000002,-0.1873378720857276,0.2,0.11912729348189169,0.019935646513280867
0.24000000000000002,-0.2373378720857276,0.25,0.16912382300595555,0.019952152975387952
0.25,-0.0295135119675147,0,-0.044299641873190555,0.015004471065426295
0.25,-0.042895457798160785,0.05,-0.027584528111158017,0.018561142737343626
0.25,-0.0839181835303622,0.1,0.013754658698805851,0.019322227049780417
0.25,-0.13386543845081672,0.15000000000000002,0.06401946344157151,0.01928290419966136
0.25,-0.1838654384508167,0.2,0.11401615735023693,0.01926983444986777
0.25,-0.2338654384508167,0.25,0.1640128512589024,0.01928388668530599
0.26,-0.0273525482908853,0,-0.04650922544363114,0.014583096776876173
0.26,-0.040242740451695874,0.05,-0.026536916616881356,0.018062128162628917
0.26,-0.08084848335152671,0.1,0.015058708351367264,0.01885496281660707
0.26,-0.1307437695527136,0.15000000000000002,0.06371405776028399,0.018824272353868632
0.26,-0.1807437695527136,0.2,0.11371301126232766,0.01881112116023669
0.26,-0.23074376955271358,0.25,0.16371196476437133,0.018823847934414308
0.27,-0.0253098139039792,0,-0.04766235631695597,0.014236911418331203
0.27,-0.0377223189363869,0.05,-0.031500649342470134,0.01754321323500818
0.27,-0.0775175116415681,0.1,0.01491265342907954,0.018415259815210822
0.27,-0.12735054767723814,0.15000000000000002,0.06450602881747067,0.01838017718801217
0.27,-0.17735054767723812,0.2,0.11450193964242524,0.018366566475395623
0.27,-0.2273505476772381,0.25,0.1644978504673798,0.018377601220684294
0.28,-0.0232218430110766,0,-0.04871199129595839,0.013976378111179244
0.28,-0.0352401814546351,0.05,-0.038445504360628366,0.01696586971107568
0.28,-0.0742862282798058,0.1,0.023274159989489843,0.01800725190932713
0.28,-0.12411274565490601,0.15000000000000002,0.07335347270378491,0.017984928927428544
0.28,-0.174112745654906,0.2,0.12335132080522372,0.017972595631968243
0.28,-0.224112745654906,0.25,0.17334916890666258,0.017983772209640352
0.29000000000000004,-0.0210997205037587,0,-0.05071665288676331,0.013742975552517678
0.29000000000000004,-0.032822336426327405,0.05,-0.03782549014204913,0.01656402606272931
0.29000000000000004,-0.0713336132727748,0.1,0.027384161034676353,0.017528467059374733
0.29000000000000004,-0.12097677993834582,0.15000000000000002,0.07626118148192318,0.017515307560141764
0.29000000000000004,-0.1709767799383458,0.2,0.12625897938149305,0.01750120499509287
0.29000000000000004,-0.2209767799383458,0.25,0.1762567772810629,0.017509557880985033
0.3,-0.0191583657172826,0,-0.05391302371569549,0.013416986488873689
0.3,-0.030240901696078404,0.05,-0.03691401039718172,0.0160881903440124
0.3,-0.06809830661637412,0.1,0.02897359113350716,0.017155812959461066
0.3,-0.11774616842516353,0.15000000000000002,0.07736755834867061,0.017131378962594403
0.3,-0.16774616842516352,0.2,0.12737468009425437,0.017117460961905598
0.3,-0.2177461684251635,0.25,0.17738180183983815,0.01712491180335637
0.31,-0.0171890100192103,0,-0.0531450264071039,0.013217741971563064
0.31,-0.027790904881468,0.05,-0.03467206176250045,0.01573475958940017
0.31,-0.065142494616041,0.1,0.02498846095421723,0.016753196781528083
0.31,-0.11473781897160962,0.15000000000000002,0.0753375651255048,0.0167284471977371
0.31,-0.1647378189716096,0.2,0.12533437040644077,0.01671328012430084
0.31,-0.2147378189716096,0.25,0.17533117568737677,0.016718451260632698
0.32,-0.0152691725289197,0,-0.050095792580361016,0.013011873917452949
0.32,-0.0255089335182368,0.05,-0.03506066036092458,0.015317388638905199
0.32,-0.061947165346223604,0.1,0.026447000375501194,0.01634317478111892
0.32,-0.11146538167397652,0.15000000000000002,0.0748043014300097,0.016325598773054777
0.32,-0.1614653816739765,0.2,0.12480486385231217,0.01630998958724633
0.32,-0.2114653816739765,0.25,0.17480542627461465,0.01631373948108885
0.33,-0.0134024291183324,0,-0.0481904313142561,0.0127515956752332
0.33,-0.023119007132307093,0.05,-0.026625616904064047,0.014944193233059488
0.33,-0.058860570845474004,0.1,0.019938850372220897,0.01589327107322531
0.33,-0.10831207483917552,0.15000000000000002,0.0730801661539943,0.015907013715608043
0.33,-0.1583120748391755,0.2,0.12308009282934065,0.015889684649300462
0.33,-0.2083120748391755,0.25,0.173080019504687,0.01589089578477886
0.34,-0.0114285235149053,0,-0.0425455556434136,0.012553403910601196
0.34,-0.020741025795010692,0.05,-0.02683466342184044,0.014576870515941656
0.34,-0.05582240248899901,0.1,0.024109977896284326,0.01550593621223568
0.34,-0.10512679569260562,0.15000000000000002,0.07367426771175031,0.015483585990787786
0.34,-0.15512679569260562,0.2,0.12367188584235768,0.01546545899753525
0.34,-0.2051267956926056,0.25,0.173669503972965,0.015465051919476756
0.35000000000000003,-0.00939991008904572,0,-0.04141906292863241,0.012311615338896917
0.35000000000000003,-0.018525239226955502,0.05,-0.020579679635634732,0.01427376410068805
0.35000000000000003,-0.052565598647567505,0.1,0.021683361126847,0.015109245254170539
0.35000000000000003,-0.10178651251733642,0.15000000000000002,0.07406476081175421,0.015117540903063872
0.35000000000000003,-0.1517865125173364,0.2,0.12406382857989838,0.015098531999318068
0.35000000000000003,-0.2017865125173364,0.25,0.17406289634804253,0.015096324326600548
0.36000000000000004,-0.0076561998542904,0,-0.0402310202356908,0.012092168998238072
0.36000000000000004,-0.016405875462860597,0.05,-0.023932094433431562,0.013900393092081341
0.36000000000000004,-0.04926299212996821,0.1,0.016691842820471803,0.014672631929601962
0.36000000000000004,-0.09826029356215901,0.15000000000000002,0.06645650319383636,0.014695112665544074
0.36000000000000004,-0.148260293562159,0.2,0.11645510394711396,0.014675669728344859
0.36000000000000004,-0.198260293562159,0.25,0.1664537047003916,0.014672281373872947
0.37,-0.00598166957039145,0,-0.03963298671482617,0.011876649009245059
0.37,-0.014152165692658904,0.05,-0.026920839553625533,0.013544377846741385
0.37,-0.045948291345686704,0.1,0.012896667377456017,0.014255377843397999
0.37,-0.09444433383460232,0.15000000000000002,0.06217594073662148,0.014273179364487918
0.37,-0.1444443338346023,0.2,0.11217477671895922,0.014253389478415859
0.37,-0.1944443338346023,0.25,0.16217361270129696,0.014248834625136077
0.38,-0.00411343286868992,0,-0.037649772685470435,0.01168119420210195
0.38,-0.0120377006218872,0.05,-0.023570238130678132,0.013220548883163553
0.38,-0.042470074333521804,0.1,0.009193289577592259,0.013847895071660482
0.38,-0.09067556890346101,0.15000000000000002,0.060445249758636195,0.013857080461390031
0.38,-0.140675568903461,0.2,0.1104439180699669,0.013837145349624663
0.38,-0.190675568903461,0.25,0.1604425863812976,0.013831668137062231
0.39,-0.00248770086440134,0,-0.04143779447793497,0.01144838144338838
0.39,-0.010012745687173696,0.05,-0.02604741236820248,0.01287857459116807
0.39,-0.038800925269588706,0.1,0.012814797276079043,0.013487333102246408
0.39,-0.08696355464383812,0.15000000000000002,0.06166127353576175,0.013493831740889669
0.39,-0.1369635546438381,0.2,0.11165872726923327,0.013473915484759123
0.39,-0.1869635546438381,0.25,0.16165618100270476,0.013467665515141414
0.4,-8.1413454074129e-4,0,-0.04249009694852099,0.011238068892222956
0.4,-0.007680508330534505,0.05,-0.027670317949461693,0.012539923347671
0.4,-0.03536152815755801,0.1,0.012148156608047843,0.013121051333781771
0.4,-0.08280882923255073,0.15000000000000002,0.05879025569930411,0.01316360942913385
0.4,-0.13280578087438383,0.2,0.10882278806346886,0.013143332907681202
0.4,-0.18280578087438382,0.25,0.15882058180265693,0.01313593972321051
0.41000000000000003,0.00102889039940083,0,-0.045019499625558575,0.011034759046072045
0.41000000000000003,-0.005684352677963404,0.05,-0.02414375322389874,0.012222616750134899
0.41000000000000003,-0.0317311865356716,0.1,0.007767948901509076,0.01277682761350576
0.41000000000000003,-0.07821255698074123,0.15000000000000002,0.060235186365736985,0.012816750539378962
0.41000000000000003,-0.1282118478123816,0.2,0.11017605312501862,0.01279589970809793
0.41000000000000003,-0.17821184781238159,0.25,0.16017320352844328,0.01278714610216621
0.42000000000000004,0.0027742220592667,0,-0.035945785842288885,0.01089109809931381
0.42000000000000004,-0.0035628983350181956,0.05,-0.023668639957200224,0.011912959994889023
0.42000000000000004,-0.02757016974701261,0.1,0.009260765920315316,0.012411627632122986
0.42000000000000004,-0.07368869516081612,0.15000000000000002,0.06148502491796268,0.0124316920355953
0.42000000000000004,-0.12365719932289741,0.2,0.11129392522049834,0.012410071004110932
0.42000000000000004,-0.17365719932289742,0.25,0.161292490791819,0.012399591018973805
0.43,0.00446843332540436,0,-0.03536934577623561,0.010710945908625378
0.43,-0.0013872342163363041,0.05,-0.024630649190492775,0.01159116410970761
0.43,-0.023573832896702104,0.1,0.012269112942437354,0.012039553251178723
0.43,-0.06898030776468572,0.15000000000000002,0.05932665399226062,0.012074830339456517
0.43,-0.1189720996333268,0.2,0.10936947453567548,0.012052415685290861
0.43,-0.1689720996333268,0.25,0.15936677329823573,0.01204065025930825
0.44,0.00608316167934368,0,-0.038288532890948544,0.010522381792014448
0.44,7.842228117177982e-4,0.05,-0.028611046876525943,0.011272185090860495
0.44,-0.019789113985258303,0.1,0.010293204232219508,0.011678042917581732
0.44,-0.06303130369880872,0.15000000000000002,0.04863770336754677,0.011698742024825208
0.44,-0.11300791212383152,0.2,0.09865130611847826,0.011675947970660464
0.44,-0.1630079121238315,0.25,0.14865052691704825,0.011663036299028276
0.45,0.00774134364654245,0,-0.03990824429396106,0.010341955170208392
0.45,0.0028601309554352056,0.05,-0.031324178071873016,0.01096621944701812
0.45,-0.015090772800904997,0.1,0.0025463791623641843,0.011308714158106503
0.45,-0.056363551360062325,0.15000000000000002,0.04296321786473689,0.011334380127443653
0.45,-0.1063215653239357,0.2,0.0929675558183294,0.011310918818637722
0.45,-0.1563215653239357,0.25,0.142966101568477,0.011296540511024933
0.46,0.00946513887054475,0,-0.03686928076120613,0.01018400016554946
0.46,0.005144386730033999,0.05,-0.03128821637360746,0.010667509854162923
0.46,-0.010408990673661994,0.1,-0.005153161117772708,0.010937605164136645
0.46,-0.047583879836978024,0.15000000000000002,0.037976857793073186,0.010975544226357133
0.46,-0.09753906456638801,0.2,0.08807483319222836,0.010950799659432752
0.46,-0.147539064566388,0.25,0.13807254212850822,0.010934347861679867
0.47000000000000003,0.0109087144790638,0,-0.03984687243836635,0.010016315821580921
0.47000000000000003,0.007199476052478802,0.05,-0.032898555306641285,0.010375594021210636
0.47000000000000003,-0.005357273148956704,0.1,-0.007718324825777379,0.010583572568403933
0.47000000000000003,-0.03694628146630702,0.15000000000000002,0.032856246998266087,0.010617695648337576
0.47000000000000003,-0.08677324498026201,0.2,0.08393243580827493,0.010595808708055578
0.47000000000000003,-0.136773244980262,0.25,0.1339315840022744,0.01057684129919782
0.48000000000000004,0.0126625765436932,0,-0.040181251254150625,0.009856634440582893
0.48000000000000004,0.009501760806921403,0.05,-0.0311933009215005,0.010093675595414556
0.48000000000000004,4.836691632787993e-4,0.1,-0.010106886576078134,0.010237693003083677
0.48000000000000004,-0.025194252219526023,0.15000000000000002,0.026478753613452866,0.010267246691118509
0.48000000000000004,-0.07431589894576501,0.2,0.07542013546693882,0.010239778908108678
0.48000000000000004,-0.124315898945765,0.25,0.12541778191315797,0.010218406304989948
0.49,0.0143744875834856,0,-0.041218372460660166,0.00969874939864646
0.49,0.011630804942986003,0.05,-0.02873643646984254,0.009818837216399
0.49,0.0064312690116652,0.1,-0.013334728487215798,0.009889089761662865
0.49,-0.007934844930656021,0.15000000000000002,0.017593982532832186,0.009912199345157705
0.49,-0.05294762381824902,0.2,0.06269424788438671,0.009885597472489144
0.49,-0.10294762381824901,0.25,0.11269330579134686,0.009860338285349943
0.5,0.0161354952691527,0,-0.041011976963991774,0.009546581477411185
0.5,0.013638786832836702,0.05,-0.02861290170019735,0.0095461494734338
0.5,0.012059699327821999,0.1,-0.016354654408309976,0.009545900928477395
0.5,0.012928477456705972,0.15000000000000002,-0.0030594284057945185,0.009546906088900636
0.5,0.017848989608563015,0.2,-0.006206545585225619,0.009550360910274334
0.5,-0.004608457018108997,0.25,0.016818327171307153,0.009535013926483784
0.51,0.0175110195952148,0,-0.04107183093913632,0.009395528554653233
0.51,0.015640741213730103,0.05,-0.030213805646696297,0.009277604252002355
0.51,0.017248693122561998,0.1,-0.016985673445531212,0.009206852962297972
0.51,0.03191867439198902,0.15000000000000002,-0.01943525800532158,0.009188026796663827
0.51,0.07682377677020301,0.2,-0.062080027926141916,0.00921920681342199
0.51,0.126823776770203,0.25,-0.11011924361241643,0.009261145062087283
0.52,0.019266737689893,0,-0.03960967300589312,0.00924904303038324
0.52,0.017708011299532894,0.05,-0.030763316026657776,0.009008597453159925
0.52,0.022922328247496612,0.1,-0.02052802441882348,0.008872278493423308
0.52,0.04812051568890102,0.15000000000000002,-0.03309490535124887,0.008837867392438746
0.52,0.09641089704833901,0.2,-0.07772402482628385,0.008872629635907065
0.52,0.14641089704833898,0.25,-0.12387787098012999,0.008914692089661254
0.53,0.0210108048037149,0,-0.038089487600685354,0.009101473710881765
0.53,0.019925083690176003,0.05,-0.03180208212774031,0.008744915434926611
0.53,0.028252120953191406,0.1,-0.021494156907729937,0.008539367947385449
0.53,0.06138010856706502,0.15000000000000002,-0.043639562578519954,0.008500092421261915
0.53,0.1109316615151758,0.2,-0.08754573950967828,0.008535151644741596
0.53,0.1609316615151758,0.25,-0.1318853621511877,0.008576815327021882
0.54,0.0226587895938807,0,-0.03756304477114278,0.008955762553622165
0.54,0.022192293764410502,0.05,-0.027674830270810923,0.008481772594519843
0.54,0.033738896446587105,0.1,-0.022852626457113133,0.008217213203869799
0.54,0.07110284275505892,0.15000000000000002,-0.050633477562636926,0.008171797120091777
0.54,0.12094183636937061,0.2,-0.09262352677673949,0.00820653777859382
0.54,0.1709418363693706,0.25,-0.13521611936933206,0.008247387726331351
0.55,0.0241609339480281,0,-0.036443516193216785,0.008809062624110133
0.55,0.024358766279251196,0.05,-0.027446823025481605,0.008237259852408658
0.55,0.03872649051338101,0.1,-0.024606779588009615,0.007891457469712603
0.55,0.07978930091643262,0.15000000000000002,-0.05589036672627148,0.007854762284866125
0.55,0.12973430205894781,0.2,-0.09615635337743152,0.007888780362310643
0.55,0.1797343020589478,0.25,-0.13706544428652243,0.007928712148292431
0.56,0.0258900813288222,0,-0.03147149587000259,0.008661405495291735
0.56,0.026568498121302797,0.05,-0.023822916148647944,0.007980124122499009
0.56,0.043919823231657204,0.1,-0.02536557012366329,0.0075762376841111475
0.56,0.08687588512141252,0.15000000000000002,-0.05923323082527751,0.007548200973068123
0.56,0.13685933713961052,0.2,-0.0979388669178954,0.007580965533930299
0.56,0.1868593371396105,0.25,-0.13722458120360967,0.00761985340712759
0.5700000000000001,0.0274953101573246,0,-0.02916037903212811,0.008522524594567803
0.5700000000000001,0.028808437611559802,0.05,-0.025493916358188845,0.007720968005229797
0.5700000000000001,0.048736257171086705,0.1,-0.027692146506215192,0.0072771868978283374
0.5700000000000001,0.09334722456822092,0.15000000000000002,-0.06175629331619932,0.007251883641006123
0.5700000000000001,0.1433472245682209,0.2,-0.09892817964642064,0.007283333137373066
0.5700000000000001,0.1933472245682209,0.25,-0.13664747789203466,0.007321142172814966
0.5800000000000001,0.0290331038537098,0,-0.028448843661278297,0.008380089922294392
0.5800000000000001,0.030954078776099098,0.05,-0.025283802361835677,0.007484354660352332
0.5800000000000001,0.053380151014082305,0.1,-0.030642706076367678,0.006990964109360114
0.5800000000000001,0.09916429392624072,0.15000000000000002,-0.06296699652530667,0.006962149896132475
0.5800000000000001,0.1491642939262407,0.2,-0.09917389307703077,0.006995341758553666
0.5800000000000001,0.1991642939262407,0.25,-0.1353807896287549,0.007032040003122722
0.59,0.0306304355471761,0,-0.026772045729631416,0.00823081949126064
0.59,0.033361559096140504,0.05,-0.025073749963893433,0.0072401004484838475
0.59,0.05808632240406011,0.1,-0.03271324307824327,0.006713120741763666
0.59,0.10454941490319833,0.15000000000000002,-0.06416815821610183,0.006684458859176885
0.59,0.15454941490319832,0.2,-0.09891392092796623,0.006716676062953802
0.59,0.2045494149031983,0.25,-0.13365968363983063,0.00675225269506666
0.6,0.0322538315748365,0,-0.0263049227332212,0.008086672845089168
0.6,0.0357084453003487,0.05,-0.029232864180145934,0.007019936307605144
0.6,0.062265241992654506,0.1,-0.034347602166474554,0.006442711905994045
0.6,0.10979986685086722,0.15000000000000002,-0.06505999779844605,0.006415825594309521
0.6,0.15979986685086722,0.2,-0.0983933311317794,0.0064470738544065865
0.6,0.2097998668508672,0.25,-0.13172666446511272,0.0064815398368997254
0.61,0.033654220740701,0,-0.024895137662054843,0.007930029109786274
0.61,0.037972885564428,0.05,-0.03099717084450571,0.006809785711965977
0.61,0.0663188151046441,0.1,-0.0353547213342396,0.006176415376445447
0.61,0.11411729788023382,0.15000000000000002,-0.065153929202531,0.006155346691788345
0.61,0.16411729788023383,0.2,-0.09712114231728511,0.006185582585103888
0.61,0.21411729788023381,0.25,-0.1290883554320392,0.006218900240318629
0.62,0.0352646520894464,0,-0.025837031109281223,0.007796934862416651
0.62,0.040486658039558004,0.05,-0.031227770680825082,0.006592203369944601
0.62,0.07015336853885171,0.1,-0.03542145794171548,0.005922797205314361
0.62,0.11827416940425632,0.15000000000000002,-0.06500715115387436,0.0059030792287402475
0.62,0.16827416940425632,0.2,-0.09565231244419695,0.005932312001933907
0.62,0.2182741694042563,0.25,-0.12629747373451952,0.005964495289718848
0.63,0.0369036861524285,0,-0.024932321573212197,0.007644623124518711
0.63,0.042812827970412456,0.05,-0.030554539170784004,0.006352445791062142
0.63,0.07401964555982099,0.1,-0.03610807887423954,0.005671096382729051
0.63,0.12264745170911473,0.15000000000000002,-0.06486016694553831,0.005658837282142576
0.63,0.17264745170911472,0.2,-0.09422524631061766,0.005687097992936292
0.63,0.2226474517091147,0.25,-0.12359032567569703,0.005718182120162024
0.64,0.0385346183260235,0,-0.024436318832036206,0.007510256514098535
0.64,0.04515217222218659,0.05,-0.03125598520841897,0.00616309194232639
0.64,0.0780960204098203,0.1,-0.03679070689259291,0.005437375957006398
0.64,0.12677815698892342,0.15000000000000002,-0.06444466134509545,0.005421998770205081
0.64,0.1767781569889234,0.2,-0.09256966134509545,0.005449291029684625
0.64,0.2267781569889234,0.25,-0.12069466134509543,0.0054792839667619315
0.65,0.0399641434503182,0,-0.024569268491303017,0.007369121681564013
0.65,0.0475828323393586,0.05,-0.030393089845888916,0.005947031330460339
0.65,0.0817686279987973,0.1,-0.037478274867823146,0.005209319203382334
0.65,0.13084163428271742,0.15000000000000002,-0.06387864222358729,0.005192315192169886
0.65,0.1808416342827174,0.2,-0.09080171914666421,0.00521865272505735
0.65,0.2308416342827174,0.25,-0.11772479606974112,0.005247572199855879
0.66,0.0416882911899478,0,-0.023714958283385882,0.0072316899482408326
0.66,0.05006109763221618,0.05,-0.029544140803587218,0.005715785257419948
0.66,0.0855672001564106,0.1,-0.03741541200277375,0.004979177285418324
0.66,0.1347308274710803,0.15000000000000002,-0.06311685680012111,0.0049694101089709205
0.66,0.1847308274710803,0.2,-0.08887443255769685,0.0049948010208207255
0.66,0.2347308274710803,0.25,-0.11463200831527261,0.00502265904268454
0.67,0.0432628237117656,0,-0.023667190606907876,0.007099485451869543
0.67,0.052738079549962846,0.05,-0.029896859937973877,0.0055400355850095265
0.67,0.08928404109214,0.1,-0.037911209948551274,0.00476296583075823
0.67,0.1385714764850947,0.15000000000000002,-0.06223780610376994,0.004753042424369264
0.67,0.1885714764850947,0.2,-0.08686467177541171,0.004777501232829607
0.67,0.2385714764850947,0.25,-0.1114915374470535,0.004804315945046932
0.68,0.0448734080904057,0,-0.02186238893272528,0.006964133346032321
0.68,0.05527823165315891,0.05,-0.029963194223482464,0.005335275699445545
0.68,0.092886665581902,0.1,-0.0381196869795935,0.004554136715219431
0.68,0.14234380014570963,0.15000000000000002,-0.06123949646706421,0.004542915058581448
0.68,0.19234380014570962,0.2,-0.08476890823177008,0.004566454977045769
0.68,0.2423438001457096,0.25,-0.10829831999647596,0.004592243071949401
0.6900000000000001,0.0466195495674837,0,-0.020768118192871405,0.006800937682724353
0.6900000000000001,0.0577691315554434,0.05,-0.027553489613756817,0.0051223990205450124
0.6900000000000001,0.09630633180655922,0.1,-0.037550990092723044,0.0043377975733051724
0.6900000000000001,0.1458865671313101,0.15000000000000002,-0.06005764646842708,0.004338688106019291
0.6900000000000001,0.19588656713131009,0.2,-0.08252141458436911,0.00436131511903775
0.6900000000000001,0.24588656713131007,0.25,-0.10498518270031112,0.004386086019188281
0.7000000000000001,0.0482153565313621,0,-0.019960557210688717,0.006663022662403427
0.7000000000000001,0.060278806091207504,0.05,-0.02828629302791401,0.004948689241194497
0.7000000000000001,0.09945527851108478,0.1,-0.037187107120437164,0.004138916430904387
0.7000000000000001,0.14918586545925874,0.15000000000000002,-0.05870399798831166,0.004140109149627638
0.7000000000000001,0.19918586545925873,0.2,-0.08013256941688308,0.004161829407369774
0.7000000000000001,0.24918586545925872,0.25,-0.10156114084545449,0.004185592551252139
0.7100000000000001,0.0500282929707532,0,-0.021272091127468053,0.00655889133509338
0.7100000000000001,0.0628101378427551,0.05,-0.027295366348888347,0.00478080923126556
0.7100000000000001,0.10296976437534981,0.1,-0.0370248227731344,0.0039452778150944395
0.7100000000000001,0.15277422205926672,0.15000000000000002,-0.0574136085250139,0.00394715792273152
0.7100000000000001,0.2027742220592667,0.2,-0.07783614373628149,0.003967999231530325
0.7100000000000001,0.2527742220592667,0.25,-0.09825867894754908,0.003990785220682345
0.72,0.0517462769323315,0,-0.021999030424680294,0.006407690698134363
0.72,0.065345775834301,0.05,-0.026593837833971904,0.0045645907625740285
0.72,0.10635163739343628,0.1,-0.036602974559564815,0.0037590397601253494
0.72,0.1560831616793437,0.15000000000000002,-0.05595072448238994,0.0037593731783730697
0.72,0.20608316167934368,0.2,-0.07539516892683437,0.003779339807373666
0.72,0.2560831616793437,0.25,-0.09483961337127883,0.0038011559558340513
0.73,0.0535356330519602,0,-0.0218169234833951,0.0062953277039093855
0.73,0.0677529165134031,0.05,-0.025260463050980567,0.004364814096888381
0.73,0.10960414153960156,0.1,-0.03599086548125615,0.0035781972073426235
0.73,0.15946513887054478,0.15000000000000002,-0.05446427747079944,0.003576679222749482
0.73,0.20946513887054477,0.2,-0.07295742815573095,0.0035957889019088184
0.73,0.25946513887054473,0.25,-0.09145057884066243,0.0036166556381596986
0.74,0.0555641162794511,0,-0.022286926500417525,0.00616757786607933
0.74,0.0705992777239694,0.05,-0.02533023921050234,0.004171704153140537
0.74,0.1127975825485122,0.1,-0.03529333891163038,0.003402332250790252
0.74,0.16266257654369323,0.15000000000000002,-0.05286176170476854,0.00339877664034022
0.74,0.21266257654369322,0.2,-0.07042932927233611,0.003417037441983207
0.74,0.2626625765436932,0.25,-0.08799689683990367,0.0034369655765933748
0.75,0.0572622331679653,0,-0.022411384829602483,0.006067728186841491
0.75,0.0731468162427211,0.05,-0.02390528709467839,0.003952980677474994
0.75,0.1162552884400662,0.1,-0.034748409976497786,0.0032301686306686174
0.75,0.16613549526915272,0.15000000000000002,-0.051308541705318185,0.003225632060714847
0.75,0.2161354952691527,0.2,-0.06797520837198485,0.003243067131069601
0.75,0.2661354952691527,0.25,-0.08464187503865152,0.003262082184514795
0.76,0.0593252275017543,0,-0.021206102538416583,0.005939693316891306
0.76,0.0758860869493405,0.05,-0.023794569800818774,0.0037984366710225605
0.76,0.11942125576978481,0.1,-0.03415447565006807,0.003058406293817058
0.76,0.16926673768989303,0.15000000000000002,-0.04959690553790364,0.0030568519490570545
0.76,0.21926673768989302,0.2,-0.06538637922211417,0.0030734638562515135
0.76,0.269266737689893,0.25,-0.08117585290632469,0.003091571006366429
0.77,0.0613502806077543,0,-0.01867160841607611,0.005765662145217828
0.77,0.0783758396353795,0.05,-0.022373564860430017,0.003585262912599744
0.77,0.1227355518162766,0.1,-0.03325457531142555,0.0028952675560898534
0.77,0.17265878959388073,0.15000000000000002,-0.04792630061215193,0.0028924586675370683
0.77,0.22265878959388072,0.2,-0.06286136554721687,0.0029082683624107467
0.77,0.2726587895938807,0.25,-0.07779643048228178,0.002925490759828244
0.78,0.0630490827385418,0,-0.018774596915635336,0.005654943809280824
0.78,0.08116197635663011,0.05,-0.020897800043350383,0.003400185006539462
0.78,0.12591858353201602,0.1,-0.03248607098623371,0.0027343704273392394
0.78,0.17589008132882222,0.15000000000000002,-0.04616621340850934,0.002732153095469663
0.78,0.2258900813288222,0.2,-0.06026877751107345,0.002747168425019607
0.78,0.2758900813288222,0.25,-0.07437134161363754,0.002763516239777376
0.79,0.0650686766716521,0,-0.017605183686070235,0.005480397898738142
0.79,0.08375822336090241,0.05,-0.020159013507944343,0.0032429810400849833
0.79,0.1290865744560351,0.1,-0.03147520709220141,0.0025798490407880513
0.79,0.17903310385370982,0.15000000000000002,-0.044345416553300564,0.00257580428194277
0.79,0.2290331038537098,0.2,-0.05763655579380689,0.002590035237316469
0.79,0.2790331038537098,0.25,-0.0709276950343132,0.0026055206559756905
0.8,0.0671956621563697,0,-0.01812152957904486,0.005304650289673398
0.8,0.0866425312420621,0.05,-0.019460690784609037,0.003031155057136977
0.8,0.1322597165630371,0.1,-0.03040838698025066,0.002429249557438217
0.8,0.18225383157483652,0.15000000000000002,-0.04251099035540958,0.0024233087755681365
0.8,0.2322538315748365,0.2,-0.05501099035540957,0.0024367692523415505
0.8,0.2822538315748365,0.25,-0.06751099035540957,0.0024514082117814496
0.81,0.0693602874923737,0,-0.017470018221858896,0.00513858214771039
0.81,0.0893103172126526,0.05,-0.018005687398966044,0.0027874075354662018
0.81,0.135276155930273,0.1,-0.02925457339910824,0.0022824136218844476
0.81,0.18526465208944642,0.15000000000000002,-0.04059309699739155,0.0022744506904118274
0.81,0.2352646520894464,0.2,-0.05232149205911994,0.0022871473933096984
0.81,0.2852646520894464,0.25,-0.06404988712084833,0.002300948679474812
0.8200000000000001,0.071791437378169,0,-0.015103683266262113,0.004964378876847523
0.8200000000000001,0.0922530178087787,0.05,-0.016576036422816607,0.0025873943614604473
0.8200000000000001,0.13854759324180532,0.1,-0.028110036681797318,0.0021393106427587062
0.8200000000000001,0.18853461832602353,0.15000000000000002,-0.03870543252574214,0.0021292105285968897
0.8200000000000001,0.23853461832602352,0.2,-0.04968104228183969,0.002141160441949134
0.8200000000000001,0.2885346183260235,0.25,-0.06065665203793725,0.0021541428641838945
0.8300000000000001,0.0740266985061756,0,-0.013930724938281626,0.004850588608866806
0.8300000000000001,0.09517052703876691,0.05,-0.01591381921453845,0.0024555418128204684
0.8300000000000001,0.1416965681298006,0.1,-0.026893974095249133,0.001999757801324521
0.8300000000000001,0.19168829118994782,0.15000000000000002,-0.03676064045331015,0.001987367580104844
0.8300000000000001,0.2416882911899478,0.2,-0.047001604308731834,0.001998578890799722
0.8300000000000001,0.2916882911899478,0.25,-0.05724256816415352,0.0020107525369065906
0.8400000000000001,0.0763480621188753,0,-0.012274530924895824,0.0047046730601141
0.8400000000000001,0.0980660404487852,0.05,-0.015302442147155084,0.002271605510757162
0.8400000000000001,0.1448840291402458,0.1,-0.025639217857107228,0.0018636928745231107
0.8400000000000001,0.1948734080904057,0.15000000000000002,-0.03479305484518237,0.001848833367277462
0.8400000000000001,0.2448734080904057,0.2,-0.04431686436899189,0.0018593170465969803
0.8400000000000001,0.2948734080904057,0.25,-0.0538406738928014,0.0018706946686441516
0.85,0.0785693978140113,0,-0.011506084796256892,0.004488115566456429
0.85,0.1012821317930081,0.05,-0.015131090063828428,0.0021245286078962213
0.85,0.1482153565313621,0.1,-0.024000968184381882,0.0017045856412354868
0.85,0.19821535653136213,0.15000000000000002,-0.032824497596146585,0.0017135128143692913
0.85,0.24821535653136212,0.2,-0.041648027007911294,0.0017232814433363246
0.85,0.2982153565313621,0.25,-0.050471556419676,0.0017338773059605065
0.86,0.081040078581188,0,-0.010893632398764628,0.004367983454893912
0.86,0.1045915082465462,0.05,-0.01473759172541853,0.0020109579683180606
0.86,0.1517462769323315,0.1,-0.0227152290105566,0.0015730030359812734
0.86,0.20174627693233152,0.15000000000000002,-0.030854763894277527,0.0015812934088238278
0.86,0.25174627693233154,0.2,-0.03899429877799847,0.00159035910928476
0.86,0.30174627693233147,0.25,-0.04713383366171938,0.0016001869597932316
0.87,0.0841376517814535,0,-0.011242518637139943,0.004198428708748783
0.87,0.1080444884042864,0.05,-0.014122487105288625,0.001863373813226224
0.87,0.1555641162794511,0.1,-0.021420749421164238,0.0014444123425726694
0.87,0.20556411627945112,0.15000000000000002,-0.02889201378898033,0.001452076810968884
0.87,0.2555641162794511,0.2,-0.036363278156796415,0.0014604520544319812
0.87,0.3055641162794511,0.25,-0.04383454252461252,0.0014695259202883628
0.88,0.0870105872296962,0,-0.013269965092674151,0.004097363399684847
0.88,0.1116738895232271,0.05,-0.013326874964907387,0.0017228502483861157
0.88,0.15932522750175432,0.1,-0.020061185092984938,0.001318655866892354
0.88,0.2093252275017543,0.15000000000000002,-0.026879366911166745,0.001325699526973967
0.88,0.2593252275017543,0.2,-0.03369754872934857,0.0013333910211524823
0.88,0.3093252275017543,0.25,-0.04051573054753038,0.0013417192082186228
0.89,0.0903416025066373,0,-0.013224028918155467,0.003972571464337383
0.89,0.1151591914881611,0.05,-0.012435713483469873,0.0015540118472139892
0.89,0.1630490827385418,0.1,-0.01864304874650315,0.0011956412385123606
0.89,0.21304908273854184,0.15000000000000002,-0.024822824027402022,0.0012020694451854582
0.89,0.26304908273854183,0.2,-0.0310025993083009,0.001209084096608802
0.89,0.3130490827385418,0.25,-0.03718237458919977,0.0012166750495111317
0.9,0.0936862109519653,0,-0.012774522431422979,0.003785273464932734
0.9,0.1190789794954452,0.05,-0.01192494467575623,0.00144847613444681
0.9,0.16719566215636972,0.1,-0.017220643555907956,0.0010753283892371232
0.9,0.2171956621563697,0.15000000000000002,-0.022776199111463502,0.0010811513375001034
0.9,0.2671956621563697,0.2,-0.028331754667019055,0.0010875007584419977
0.9,0.3171956621563697,0.25,-0.03388731022257461,0.0010943674884609273
0.91,0.097780753302068,0,-0.011193839397075548,0.0036214660801516013
0.91,0.1233620570402225,0.05,-0.01058315000763673,0.0012892498998542006
0.91,0.171791437378169,0.1,-0.015782792362909203,9.576170742414281e-4
0.91,0.22179143737816903,0.15000000000000002,-0.020727847307964144,9.628435387383724e-4
0.91,0.271791437378169,0.2,-0.02567290225301909,9.685378923786547e-4
0.91,0.321791437378169,0.25,-0.030617957198074027,9.746919346787874e-4
0.92,0.102465705118299,0,-0.010828548108195724,0.0034354565483793046
0.92,0.1277660574508137,0.05,-0.009554710209898346,0.001149565150414119
0.92,0.17634806211887533,0.1,-0.01427288625788497,8.423643961922882e-4
0.92,0.22634806211887532,0.15000000000000002,-0.018620712344841483,8.469974226422572e-4
0.92,0.2763480621188753,0.2,-0.022968538431798,8.520411903667753e-4
0.92,0.3263480621188753,0.25,-0.027316364518754518,8.574884514262648e-4
0.93,0.10789282682276,0,-0.008791787075683325,0.003187754906974763
0.93,0.1326603916215878,0.05,-0.008411964107551101,9.887324010571525e-4
0.93,0.181040078581188,0.1,-0.012707650096730413,7.295044252657961e-4
0.93,0.23104007858118802,0.15000000000000002,-0.016471090956945458,7.335483533760449e-4
0.93,0.281040078581188,0.2,-0.020234531817160513,7.37947242310878e-4
0.93,0.331040078581188,0.25,-0.02399797267737556,7.426947849304912e-4
0.9400000000000001,0.113259868860724,0,-0.007519132643312064,0.002997602208949933
0.9400000000000001,0.1382112270571593,0.05,-0.007617843197998875,8.964986858222268e-4
0.9400000000000001,0.1870105872296962,0.1,-0.011157492579350933,6.190309955130052e-4
0.9400000000000001,0.23701058722969623,0.15000000000000002,-0.014348981941053053,6.224965602515594e-4
0.9400000000000001,0.2870105872296962,0.2,-0.017540471302755177,6.262625177300381e-4
0.9400000000000001,0.33701058722969623,0.25,-0.020731960664457302,6.303234837537402e-4
0.9500000000000001,0.118666122455913,0,-0.006234627782483305,0.00273999937814333
0.9500000000000001,0.1448002291011489,0.05,-0.0066395101918428874,6.858357390776551e-4
0.9500000000000001,0.1936862109519653,0.1,-0.009551386357829844,5.107961071887136e-4
0.9500000000000001,0.24368621095196533,0.15000000000000002,-0.012182965305198256,5.136869959170232e-4
0.9500000000000001,0.29368621095196534,0.2,-0.014814544252566675,5.168249984802462e-4
0.9500000000000001,0.3436862109519653,0.25,-0.017446123199935087,5.202056429516084e-4
0.9600000000000001,0.125691397993915,0,-0.005541110372282004,0.002448323522110407
0.9600000000000001,0.153304761874604,0.05,-0.005757794256695694,5.672651891781691e-4
0.9600000000000001,0.202465705118299,0.1,-0.007927326456879194,4.0476780071218985e-4
0.9600000000000001,0.252465705118299,0.15000000000000002,-0.010010659790212515,4.070910195835276e-4
0.9600000000000001,0.302465705118299,0.2,-0.012093993123545846,4.0960926254646494e-4
0.9600000000000001,0.352465705118299,0.25,-0.014177326456879174,4.1231895628056125e-4
0.97,0.134475275456406,0,-0.003048325196315335,0.002055603663906557
0.97,0.163568822086803,0.05,-0.0046744433215597896,4.880837906532002e-4
0.97,0.213259868860724,0.1,-0.0062180411971399854,3.0080610190054023e-4
0.97,0.26325986886072406,0.15000000000000002,-0.0077644329497172995,3.0256202168668666e-4
0.97,0.313259868860724,0.2,-0.009310824702294624,3.044621408561549e-4
0.97,0.36325986886072403,0.25,-0.010857216454871945,3.065037776004277e-4
0.98,0.147178486540326,0,-0.0012301907256458964,0.0014540676969313387
0.98,0.176033009962139,0.05,-0.003663954701451101,3.6444654287958107e-4
0.98,0.225691397993915,0.1,-0.004356765874300355,1.9877020069835433e-4
0.98,0.275691397993915,0.15000000000000002,-0.005377174037565656,1.9995268688598178e-4
0.98,0.325691397993915,0.2,-0.006397582200830963,2.0122989344616678e-4
0.98,0.375691397993915,0.25,-0.007417990364096268,2.0260002901273372e-4
0.99,0.166711078547926,0,-0.0011229247968908523,9.910797746857504e-4
0.99,0.197178486540326,0.05,-0.0018683698624962417,9.806876983776608e-5
0.99,0.247178486540326,0.1,-0.0023734203675467532,9.86269262406098e-5
0.99,0.297178486540326,0.15000000000000002,-0.0028784708725972546,9.923245010931346e-5
0.99,0.347178486540326,0.2,-0.003383521377647761,9.988447998849897e-5
0.99,0.397178486540326,0.25,-0.003888571882698264,1.005821114477972e-4
1,0.245391542981891,0,0,0
1,0.295391542981891,0.05,5.938432820599964e-19,1.2218834655050255e-19
1,0.345391542981891,0.1,-3.388900589316529e-18,2.012171765130891e-19
1,0.39539154298189105,0.15000000000000002,3.7844050915013247e-19,1.73070630270735e-19
1,0.445391542981891,0.2,-1.5524727160856456e-18,2.315058139997103e-19
1,0.49539154298189103,0.25,1.6530620084837622e-20,7.522492267285375e-20
