CVaR,CVaR.se,p,q,b,Type
-0.0908797195497147,0.07668805075384544,0.01,-0.140279775813065,NA,CATE-CVaR
-0.08721614408963956,0.04755762771926757,0.02,-0.123176223229797,NA,CATE-CVaR
-0.08628564798690182,0.04099357091011103,0.03,-0.11270478824176,NA,CATE-CVaR
-0.08586568590008645,0.03983228789885399,0.04,-0.103589102951661,NA,CATE-CVaR
-0.08548911766081917,0.03391337832104044,0.05,-0.0953757044243767,NA,CATE-CVaR
-0.08467788605228561,0.03064445044675139,0.060000000000000005,-0.0890683384848242,NA,CATE-CVaR
-0.0837309232192621,0.027275922351381657,0.06999999999999999,-0.0839897716485562,NA,CATE-CVaR
-0.08263454170966655,0.02584052390034438,0.08,-0.0790581636306294,NA,CATE-CVaR
-0.08180215339024312,0.024246989169277377,0.09,-0.0743906068022217,NA,CATE-CVaR
-0.08096844331418977,0.022646197885579217,0.09999999999999999,-0.0702656979410522,NA,CATE-CVaR
-0.08013461059208116,0.021716725526845934,0.11,-0.0665376673147263,NA,CATE-CVaR
-0.07900156483409844,0.02071831992946776,0.12,-0.0631406628603895,NA,CATE-CVaR
-0.07825253263800622,0.01984777047407543,0.13,-0.0599636870275124,NA,CATE-CVaR
-0.07678511577860424,0.018884466507346154,0.14,-0.0566527754317791,NA,CATE-CVaR
-0.074669438791409,0.018421036057560968,0.15000000000000002,-0.0538785006857505,NA,CATE-CVaR
-0.07190853819840609,0.017957960432374204,0.16,-0.0508357060737593,NA,CATE-CVaR
-0.06578809322777963,0.017639489818841284,0.17,-0.0482148083515651,NA,CATE-CVaR
-0.05955816403862228,0.017262132759947563,0.18000000000000002,-0.0454505850968017,NA,CATE-CVaR
-0.05482498619231382,0.017179334982043732,0.19,-0.0428421492424163,NA,CATE-CVaR
-0.05350247979355415,0.016775888676279355,0.2,-0.0402001331491328,NA,CATE-CVaR
-0.05284860976788817,0.01634408853346508,0.21000000000000002,-0.0380874806292548,NA,CATE-CVaR
-0.0517111606042963,0.016138877454045356,0.22,-0.0358827021197662,NA,CATE-CVaR
-0.050603173521604476,0.01567005850528565,0.23,-0.0336945927209756,NA,CATE-CVaR
-0.049790879634297625,0.015374005077062667,0.24000000000000002,-0.0317258305957437,NA,CATE-CVaR
-0.0489923854739889,0.015004471065426295,0.25,-0.0295135119675147,NA,CATE-CVaR
-0.0483713006533598,0.014583096776876173,0.26,-0.0273525482908853,NA,CATE-CVaR
-0.047723702247819896,0.014236911418331203,0.27,-0.0253098139039792,NA,CATE-CVaR
-0.047265426043471274,0.013976378111179244,0.28,-0.0232218430110766,NA,CATE-CVaR
-0.046807327144422754,0.01374297555251768,0.29000000000000004,-0.0210997205037587,NA,CATE-CVaR
-0.04598410113832309,0.013416986488873689,0.3,-0.0191583657172826,NA,CATE-CVaR
-0.04503638135626882,0.013217741971563066,0.31,-0.0171890100192103,NA,CATE-CVaR
-0.044457342937079744,0.013011873917452949,0.32,-0.0152691725289197,NA,CATE-CVaR
-0.04432230779954736,0.0127515956752332,0.33,-0.0134024291183324,NA,CATE-CVaR
-0.043173035671321136,0.012553403910601196,0.34,-0.0114285235149053,NA,CATE-CVaR
-0.04222023995664441,0.012311615338896917,0.35000000000000003,-0.00939991008904572,NA,CATE-CVaR
-0.04167579307984945,0.012092168998238069,0.36000000000000004,-0.0076561998542904,NA,CATE-CVaR
-0.04120227361192004,0.011876649009245059,0.37,-0.00598166957039145,NA,CATE-CVaR
-0.041071718863944603,0.011681194202101952,0.38,-0.00411343286868992,NA,CATE-CVaR
-0.04102881743495846,0.011448381443388379,0.39,-0.00248770086440134,NA,CATE-CVaR
-0.040765977650469985,0.011238068892222956,0.4,-8.1413454074129e-4,NA,CATE-CVaR
-0.04041249184650792,0.011034759046072045,0.41000000000000003,0.00102889039940083,NA,CATE-CVaR
-0.040141349585407465,0.010891098099313812,0.42000000000000004,0.0027742220592667,NA,CATE-CVaR
-0.039964555306920294,0.01071094590862538,0.43,0.00446843332540436,NA,CATE-CVaR
-0.03976425030158393,0.01052238179201445,0.44,0.00608316167934368,NA,CATE-CVaR
-0.039501031155509195,0.010341955170208392,0.45,0.00774134364654245,NA,CATE-CVaR
-0.03915280838916628,0.01018400016554946,0.46,0.00946513887054475,NA,CATE-CVaR
-0.03877347370546863,0.010016315821580921,0.47000000000000003,0.0109087144790638,NA,CATE-CVaR
-0.038451004513857495,0.009856634440582893,0.48000000000000004,0.0126625765436932,NA,CATE-CVaR
-0.0381239143226023,0.00969874939864646,0.49,0.0143744875834856,NA,CATE-CVaR
-0.037843440970474165,0.009546581477411184,0.5,0.0161354952691527,NA,CATE-CVaR
-0.037576921011185795,0.009395528554653233,0.51,0.0175110195952148,NA,CATE-CVaR
-0.037028735455115355,0.00924904303038324,0.52,0.019266737689893,NA,CATE-CVaR
-0.03617281920757863,0.009101473710881765,0.53,0.0210108048037149,NA,CATE-CVaR
-0.035603260676757155,0.008955762553622165,0.54,0.0226587895938807,NA,CATE-CVaR
-0.03349013612122753,0.008809062624110133,0.55,0.0241609339480281,NA,CATE-CVaR
-0.030327493035254727,0.008661405495291735,0.56,0.0258900813288222,NA,CATE-CVaR
-0.028878611025271585,0.008522524594567803,0.5700000000000001,0.0274953101573246,NA,CATE-CVaR
-0.027784831680346143,0.008380089922294394,0.5800000000000001,0.0290331038537098,NA,CATE-CVaR
-0.02658706502305297,0.008230819491260642,0.59,0.0306304355471761,NA,CATE-CVaR
-0.0258862165670848,0.008086672845089168,0.6,0.0322538315748365,NA,CATE-CVaR
-0.02549134025982279,0.007930029109786274,0.61,0.033654220740701,NA,CATE-CVaR
-0.025163692954849264,0.007796934862416652,0.62,0.0352646520894464,NA,CATE-CVaR
-0.024785008759082926,0.007644623124518709,0.63,0.0369036861524285,NA,CATE-CVaR
-0.024518880570440896,0.007510256514098535,0.64,0.0385346183260235,NA,CATE-CVaR
-0.024315538359551622,0.007369121681564013,0.65,0.0399641434503182,NA,CATE-CVaR
-0.023700771283471915,0.0072316899482408326,0.66,0.0416882911899478,NA,CATE-CVaR
-0.023309839875419704,0.007099485451869543,0.67,0.0432628237117656,NA,CATE-CVaR
-0.022356401915415856,0.006964133346032321,0.68,0.0448734080904057,NA,CATE-CVaR
-0.022184109015981345,0.006800937682724352,0.6900000000000001,0.0466195495674837,NA,CATE-CVaR
-0.021984175679771657,0.006663022662403426,0.7000000000000001,0.0482153565313621,NA,CATE-CVaR
-0.021870462345719197,0.00655889133509338,0.7100000000000001,0.0500282929707532,NA,CATE-CVaR
-0.021687465662281146,0.006407690698134363,0.72,0.0517462769323315,NA,CATE-CVaR
-0.021379083748651585,0.0062953277039093855,0.73,0.0535356330519602,NA,CATE-CVaR
-0.020934240924894293,0.0061675778660793285,0.74,0.0555641162794511,NA,CATE-CVaR
-0.020520893460831018,0.006067728186841491,0.75,0.0572622331679653,NA,CATE-CVaR
-0.020105343350751474,0.005939693316891306,0.76,0.0593252275017543,NA,CATE-CVaR
-0.018759766571698804,0.005765662145217828,0.77,0.0613502806077543,NA,CATE-CVaR
-0.018642388166681075,0.005654943809280824,0.78,0.0630490827385418,NA,CATE-CVaR
-0.01799475439565787,0.005480397898738142,0.79,0.0650686766716521,NA,CATE-CVaR
-0.017765401109777652,0.005304650289673398,0.8,0.0671956621563697,NA,CATE-CVaR
-0.017457408205902886,0.00513858214771039,0.81,0.0693602874923737,NA,CATE-CVaR
-0.015121258449323393,0.004964378876847523,0.8200000000000001,0.071791437378169,NA,CATE-CVaR
-0.013921021175225205,0.004850588608866805,0.8300000000000001,0.0740266985061756,NA,CATE-CVaR
-0.0132445164519908,0.004704673060114101,0.8400000000000001,0.0763480621188753,NA,CATE-CVaR
-0.013064004608878708,0.004488115566456429,0.85,0.0785693978140113,NA,CATE-CVaR
-0.012736295193927709,0.004367983454893912,0.86,0.081040078581188,NA,CATE-CVaR
-0.01217540137430141,0.004198428708748783,0.87,0.0841376517814535,NA,CATE-CVaR
-0.011784523595711346,0.004097363399684848,0.88,0.0870105872296962,NA,CATE-CVaR
-0.011370071361657075,0.003972571464337383,0.89,0.0903416025066373,NA,CATE-CVaR
-0.011149828516755783,0.0037852734649327347,0.9,0.0936862109519653,NA,CATE-CVaR
-0.011009576990775063,0.0036214660801516013,0.91,0.097780753302068,NA,CATE-CVaR
-0.010802885138394482,0.0034354565483793046,0.92,0.102465705118299,NA,CATE-CVaR
-0.008807455120110446,0.003187754906974763,0.93,0.10789282682276,NA,CATE-CVaR
-0.007518852542275799,0.002997602208949933,0.9400000000000001,0.113259868860724,NA,CATE-CVaR
-0.006249253229493777,0.00273999937814333,0.9500000000000001,0.118666122455913,NA,CATE-CVaR
-0.005498218736653662,0.002448323522110407,0.9600000000000001,0.125691397993915,NA,CATE-CVaR
-0.0030624315292442647,0.0020556036639065574,0.97,0.134475275456406,NA,CATE-CVaR
-0.001257495496314839,0.0014540676969313387,0.98,0.147178486540326,NA,CATE-CVaR
-0.0011137941262581099,9.910797746857506e-4,0.99,0.166711078547926,NA,CATE-CVaR
0,0,1,0.245391542981891,NA,CATE-CVaR
-0.05649632815339508,0.09341270195997871,0.01,-0.173181008649417,0.05,Thm. 3.2
-0.038106606951195485,0.09272149889174881,0.01,-0.223181008649417,0.1,Thm. 3.2
-0.06515336561410649,0.09232055887029166,0.01,-0.273181008649417,0.15,Thm. 3.2
-0.09916765374545322,0.09221366811723215,0.01,-0.323181008649417,0.2,Thm. 3.2
-0.13721582867316987,0.09240184710961538,0.01,-0.373181008649417,0.25,Thm. 3.2
-0.05355959923038309,0.07883550102805506,0.02,-0.153714930390516,0.05,Thm. 3.2
-0.03795728337241161,0.0786472317787026,0.02,-0.203589102951661,0.1,Thm. 3.2
-0.06509583580269843,0.07841898107769418,0.02,-0.25358910295166104,0.15,Thm. 3.2
-0.09903844923771847,0.07835916433240835,0.02,-0.303589102951661,0.2,Thm. 3.2
-0.13708930031234906,0.07846816673837759,0.02,-0.353589102951661,0.25,Thm. 3.2
-0.04845411226748389,0.05952780184299596,0.03,-0.1391711333782194,0.05,Thm. 3.2
-0.037727450388044176,0.060179982994447656,0.03,-0.1890683384848242,0.1,Thm. 3.2
-0.06500656058486086,0.059992743305025915,0.03,-0.23906833848482423,0.15,Thm. 3.2
-0.0988979946199604,0.059947028605459154,0.03,-0.2890683384848242,0.2,Thm. 3.2
-0.13673058076890146,0.06004316215269668,0.03,-0.3390683384848242,0.25,Thm. 3.2
-0.042963431829602515,0.049768664525313394,0.04,-0.1294770018374461,0.05,Thm. 3.2
-0.03748252071255942,0.05059369416938448,0.04,-0.1790854536485112,0.1,Thm. 3.2
-0.06488442305647402,0.05048121654443783,0.04,-0.22908545364851124,0.15,Thm. 3.2
-0.09856271980335136,0.050494177298935496,0.04,-0.27908545364851123,0.2,Thm. 3.2
-0.13603971518563962,0.0506324801049182,0.04,-0.3290854536485112,0.25,Thm. 3.2
-0.04063552861859511,0.044217642478784576,0.05,-0.12100174294967199,0.05,Thm. 3.2
-0.037437250561936586,0.044117271044361875,0.05,-0.1702863691417594,0.1,Thm. 3.2
-0.06462332938025576,0.044021581183356646,0.05,-0.22028636914175942,0.15,Thm. 3.2
-0.09811371854552345,0.044034848201242587,0.05,-0.2702863691417594,0.2,Thm. 3.2
-0.13526765492285447,0.044156973889438386,0.05,-0.3202863691417594,0.25,Thm. 3.2
-0.038275000450519084,0.03976176656329174,0.060000000000000005,-0.113923271865136,0.05,Thm. 3.2
-0.03727589456567492,0.040318842226678156,0.060000000000000005,-0.16314336041427852,0.1,Thm. 3.2
-0.06432466529133571,0.040247825397217815,0.060000000000000005,-0.2131433604142785,0.15,Thm. 3.2
-0.09743373838775597,0.04027317434237118,0.060000000000000005,-0.2631433604142785,0.2,Thm. 3.2
-0.13412834821965172,0.040394707644913645,0.060000000000000005,-0.3131433604142785,0.25,Thm. 3.2
-0.03766506970695247,0.036363322105239314,0.06999999999999999,-0.1076342486066666,0.05,Thm. 3.2
-0.03710629387943983,0.03648106693287633,0.06999999999999999,-0.1566527754317791,0.1,Thm. 3.2
-0.06395249043183601,0.03639450160834736,0.06999999999999999,-0.20665277543177912,0.15,Thm. 3.2
-0.09664027886386008,0.03639675541443222,0.06999999999999999,-0.2566527754317791,0.2,Thm. 3.2
-0.1329425335260103,0.036487811892397866,0.06999999999999999,-0.3066527754317791,0.25,Thm. 3.2
-0.03702429944631068,0.03453377310415903,0.08,-0.102335536114338,0.05,Thm. 3.2
-0.036914720389392745,0.034827038416227696,0.08,-0.1508437526199343,0.1,Thm. 3.2
-0.06349055885824165,0.03476864864669051,0.08,-0.2008437526199343,0.15,Thm. 3.2
-0.0957184097884859,0.03478902638591524,0.08,-0.2508437526199343,0.2,Thm. 3.2
-0.13169423703711333,0.03488803361231581,0.08,-0.3008437526199343,0.25,Thm. 3.2
-0.03538724337696378,0.032759719341619024,0.09,-0.09737067502794461,0.05,Thm. 3.2
-0.03665992406839671,0.03367612098018436,0.09,-0.1454505850968017,0.1,Thm. 3.2
-0.06301179845711355,0.03363073025229384,0.09,-0.19545058509680172,0.15,Thm. 3.2
-0.09471330292830177,0.03365511343293706,0.09,-0.2454505850968017,0.2,Thm. 3.2
-0.1296766983464146,0.033749119290967244,0.09,-0.2954505850968017,0.25,Thm. 3.2
-0.034866660295680835,0.03217635034843682,0.09999999999999999,-0.09251161761380601,0.05,Thm. 3.2
-0.0363615906935626,0.033041078814101094,0.09999999999999999,-0.14020013314913282,0.1,Thm. 3.2
-0.06252027734743024,0.03300329575971758,0.09999999999999999,-0.1902001331491328,0.15,Thm. 3.2
-0.09362758013806415,0.033026902281689856,0.09999999999999999,-0.2402001331491328,0.2,Thm. 3.2
-0.12772166197312082,0.033111767080032654,0.09999999999999999,-0.2902001331491328,0.25,Thm. 3.2
-0.0334975697829994,0.030767396634683107,0.11,-0.0882797640041782,0.05,Thm. 3.2
-0.03602210116846894,0.031997321715871545,0.11,-0.1358838193868532,0.1,Thm. 3.2
-0.06200628870158303,0.03197703544006241,0.11,-0.18588381938685322,0.15,Thm. 3.2
-0.09245815495867306,0.03201310670119272,0.11,-0.2358838193868532,0.2,Thm. 3.2
-0.12553481034953023,0.03210534554197813,0.11,-0.2858838193868532,0.25,Thm. 3.2
-0.03243262309447685,0.029607721657163535,0.12,-0.0844405256149422,0.05,Thm. 3.2
-0.035680379357252025,0.030508463415963055,0.12,-0.13172918224770042,0.1,Thm. 3.2
-0.06133949517121764,0.030489019959932157,0.12,-0.18172824044325614,0.15,Thm. 3.2
-0.0912136496788987,0.030521749417331493,0.12,-0.23172824044325613,0.2,Thm. 3.2
-0.12362940382015272,0.030606769918100234,0.12,-0.2817282404432561,0.25,Thm. 3.2
-0.03177218788492539,0.02847907673907034,0.13,-0.08072631689024361,0.05,Thm. 3.2
-0.035405774838958654,0.02883480974590556,0.13,-0.12738270802303012,0.1,Thm. 3.2
-0.06057558376758573,0.028807131828174154,0.13,-0.17737676971252703,0.15,Thm. 3.2
-0.08989268940383315,0.028828893100036952,0.13,-0.22737676971252702,0.2,Thm. 3.2
-0.12105624121904672,0.028900034361320184,0.13,-0.277376769712527,0.25,Thm. 3.2
-0.03143539769405817,0.026842958426681267,0.14,-0.0768761187313435,0.05,Thm. 3.2
-0.03530048662310365,0.027657739576129176,0.14,-0.1232437775196105,0.1,Thm. 3.2
-0.059730063536239164,0.027630104740332454,0.14,-0.17322347054801202,0.15,Thm. 3.2
-0.08841351376315132,0.027649124537583402,0.14,-0.223223470548012,0.2,Thm. 3.2
-0.11865139403565167,0.02771490882652756,0.14,-0.273223470548012,0.25,Thm. 3.2
-0.03130292470819807,0.02579420300701102,0.15000000000000002,-0.073189625096665,0.05,Thm. 3.2
-0.03494406397583643,0.02655345480069823,0.15000000000000002,-0.11918578538307141,0.1,Thm. 3.2
-0.05878610725226882,0.026517874064153305,0.15000000000000002,-0.16916839832582012,0.15,Thm. 3.2
-0.08691374042389696,0.026526525471619607,0.15000000000000002,-0.2191683983258201,0.2,Thm. 3.2
-0.11620933007005155,0.026579467930090663,0.15000000000000002,-0.2691683983258201,0.25,Thm. 3.2
-0.031196948234048342,0.024776757408234946,0.16,-0.0697366879465526,0.05,Thm. 3.2
-0.0345747426172854,0.02597264931305287,0.16,-0.11529305587271431,0.1,Thm. 3.2
-0.05786782561609473,0.025940958275857115,0.16,-0.165282375623432,0.15,Thm. 3.2
-0.08523626350200217,0.025950516828142034,0.16,-0.215282375623432,0.2,Thm. 3.2
-0.11371499082175263,0.02600141795206848,0.16,-0.265282375623432,0.25,Thm. 3.2
-0.031107043369248057,0.024313724541444443,0.17,-0.0664259188445,0.05,Thm. 3.2
-0.03418986838711784,0.025154440257484353,0.17,-0.1114417688990504,0.1,Thm. 3.2
-0.0569001362260529,0.02512368180667069,0.17,-0.16143015929966953,0.15,Thm. 3.2
-0.08339317973326843,0.025131791407285074,0.17,-0.21143015929966952,0.2,Thm. 3.2
-0.1111913750066992,0.025178994433115116,0.17,-0.2614301592996695,0.25,Thm. 3.2
-0.031019687713736817,0.02325792532502444,0.18000000000000002,-0.06333361009244261,0.05,Thm. 3.2
-0.03360733624417342,0.024263737449488287,0.18000000000000002,-0.10766848264449473,0.1,Thm. 3.2
-0.05587034305110518,0.02423345622251437,0.18000000000000002,-0.15765664235273924,0.15,Thm. 3.2
-0.08148823757647417,0.024240252547767654,0.18000000000000002,-0.20765664235273923,0.2,Thm. 3.2
-0.10831230801193242,0.024284227476724554,0.18000000000000002,-0.2576566423527392,0.25,Thm. 3.2
-0.030884450520082103,0.022624481597943207,0.19,-0.059973440761228375,0.05,Thm. 3.2
-0.03306301667979978,0.02352691394671059,0.19,-0.10415234137186015,0.1,Thm. 3.2
-0.05467832584046847,0.023496931694643397,0.19,-0.1541195244064427,0.15,Thm. 3.2
-0.07954859665729726,0.023500033207025785,0.19,-0.20411952440644268,0.2,Thm. 3.2
-0.10500056876557678,0.02353842168487145,0.19,-0.2541195244064427,0.25,Thm. 3.2
-0.03070851781836249,0.02182043013219451,0.2,-0.05692234539174011,0.05,Thm. 3.2
-0.032537893767321385,0.022523422611486873,0.2,-0.1008461220775188,0.1,Thm. 3.2
-0.05355697851215881,0.022486050034441724,0.2,-0.1508198584195821,0.15,Thm. 3.2
-0.07763102008712416,0.022482481764303473,0.2,-0.20081985841958208,0.2,Thm. 3.2
-0.10157859632067069,0.022513167696174043,0.2,-0.25081985841958204,0.25,Thm. 3.2
-0.030636615768745098,0.0211632171983281,0.21000000000000002,-0.053982239956976784,0.05,Thm. 3.2
-0.03186135709972175,0.02200846602779122,0.21000000000000002,-0.09726192045003716,0.1,Thm. 3.2
-0.05230104928496696,0.021974707594516103,0.21000000000000002,-0.14722612234482135,0.15,Thm. 3.2
-0.07567344005511133,0.02197291319222354,0.21000000000000002,-0.19722612234482134,0.2,Thm. 3.2
-0.09827497453909098,0.022003295531455334,0.21000000000000002,-0.24722612234482133,0.25,Thm. 3.2
-0.03042545527954068,0.020329474719814132,0.22,-0.05123058852042919,0.05,Thm. 3.2
-0.031140323994357164,0.021255316495943033,0.22,-0.09396440301652892,0.1,Thm. 3.2
-0.051040367531925986,0.021219461988758025,0.22,-0.14391771202697135,0.15,Thm. 3.2
-0.07347666693997598,0.021214103916377156,0.22,-0.19391771202697133,0.2,Thm. 3.2
-0.09519519619121095,0.021239626966975025,0.22,-0.24391771202697132,0.25,Thm. 3.2
-0.030209128232294102,0.01974788470866502,0.23,-0.04824083745300542,0.05,Thm. 3.2
-0.030418006385157806,0.020633197713392035,0.23,-0.09057753772426498,0.1,Thm. 3.2
-0.0496958875869166,0.020603542150404757,0.23,-0.14053486112945526,0.15,Thm. 3.2
-0.07128975814456207,0.02059640693914296,0.23,-0.19053486112945525,0.2,Thm. 3.2
-0.09180303843184655,0.020618685997158902,0.23,-0.24053486112945524,0.25,Thm. 3.2
-0.029956030120647535,0.01926220542993705,0.24000000000000002,-0.04548938099338047,0.05,Thm. 3.2
-0.02958664375345017,0.01998639523764071,0.24000000000000002,-0.087403959798099,0.1,Thm. 3.2
-0.04835042081499014,0.019947506820976815,0.24000000000000002,-0.13733787208572762,0.15,Thm. 3.2
-0.06922681003116399,0.019935646513280867,0.24000000000000002,-0.1873378720857276,0.2,Thm. 3.2
-0.08835607976798256,0.019952152975387952,0.24000000000000002,-0.2373378720857276,0.25,Thm. 3.2
-0.02991031134075829,0.018561142737343626,0.25,-0.042895457798160785,0.05,Thm. 3.2
-0.02876242261066455,0.019322227049780417,0.25,-0.0839181835303622,0.1,Thm. 3.2
-0.04696817561077522,0.01928290419966136,0.25,-0.13386543845081672,0.15,Thm. 3.2
-0.06696297617438543,0.01926983444986777,0.25,-0.1838654384508167,0.2,Thm. 3.2
-0.08499079730598175,0.01928388668530599,0.25,-0.2338654384508167,0.25,Thm. 3.2
-0.029785400691507688,0.018062128162628917,0.26,-0.040242740451695874,0.05,Thm. 3.2
-0.02794830035778642,0.01885496281660707,0.26,-0.08084848335152671,0.1,Thm. 3.2
-0.045562545561294764,0.018824272353868632,0.26,-0.1307437695527136,0.15,Thm. 3.2
-0.06489905158285898,0.01881112116023669,0.26,-0.1807437695527136,0.2,Thm. 3.2
-0.08187945539918702,0.018823847934414308,0.26,-0.23074376955271358,0.25,Thm. 3.2
-0.029665988170058867,0.01754321323500818,0.27,-0.0377223189363869,0.05,Thm. 3.2
-0.027113350361256394,0.018415259815210822,0.27,-0.0775175116415681,0.1,Thm. 3.2
-0.04414751979638888,0.01838017718801217,0.27,-0.12735054767723814,0.15,Thm. 3.2
-0.06261766227181939,0.018366566475395623,0.27,-0.17735054767723812,0.2,Thm. 3.2
-0.07848245323436251,0.018377601220684294,0.27,-0.2273505476772381,0.25,Thm. 3.2
-0.029429647861443642,0.01696586971107568,0.28,-0.0352401814546351,0.05,Thm. 3.2
-0.026330164968386673,0.01800725190932713,0.28,-0.0742862282798058,0.1,Thm. 3.2
-0.04255672960357848,0.017984928927428544,0.28,-0.12411274565490601,0.15,Thm. 3.2
-0.060281106312356184,0.017972595631968243,0.28,-0.174112745654906,0.2,Thm. 3.2
-0.07506663465397231,0.017983772209640352,0.28,-0.224112745654906,0.25,Thm. 3.2
-0.029198128214009283,0.01656402606272931,0.29000000000000004,-0.032822336426327405,0.05,Thm. 3.2
-0.025480190670594385,0.017528467059374733,0.29000000000000004,-0.0713336132727748,0.1,Thm. 3.2
-0.04102078721622957,0.017515307560141764,0.29000000000000004,-0.12097677993834582,0.15,Thm. 3.2
-0.05764978306177108,0.01750120499509287,0.29000000000000004,-0.1709767799383458,0.2,Thm. 3.2
-0.07180556824838524,0.017509557880985033,0.29000000000000004,-0.2209767799383458,0.25,Thm. 3.2
-0.02877996169906891,0.0160881903440124,0.3,-0.030240901696078404,0.05,Thm. 3.2
-0.024894617383001798,0.017155812959461066,0.3,-0.06809830661637412,0.1,Thm. 3.2
-0.039313260485613274,0.017131378962594403,0.3,-0.11774616842516353,0.15,Thm. 3.2
-0.05528404916100288,0.017117460961905598,0.3,-0.16774616842516352,0.2,Thm. 3.2
-0.06854283516843847,0.01712491180335637,0.3,-0.2177461684251635,0.25,Thm. 3.2
-0.028660833190819683,0.01573475958940017,0.31,-0.027790904881468,0.05,Thm. 3.2
-0.024239934204179463,0.016753196781528083,0.31,-0.065142494616041,0.1,Thm. 3.2
-0.037771932330974804,0.0167284471977371,0.31,-0.11473781897160962,0.15,Thm. 3.2
-0.05260119988193406,0.01671328012430084,0.31,-0.1647378189716096,0.2,Thm. 3.2
-0.06509514029768582,0.016718451260632698,0.31,-0.2147378189716096,0.25,Thm. 3.2
-0.028469184816523004,0.015317388638905199,0.32,-0.0255089335182368,0.05,Thm. 3.2
-0.02347804514617583,0.01634317478111892,0.32,-0.061947165346223604,0.1,Thm. 3.2
-0.03606430589522153,0.016325598773054777,0.32,-0.11146538167397652,0.15,Thm. 3.2
-0.050217053586627605,0.01630998958724633,0.32,-0.1614653816739765,0.2,Thm. 3.2
-0.06168140903297643,0.01631373948108885,0.32,-0.2114653816739765,0.25,Thm. 3.2
-0.02808584763445647,0.014944193233059488,0.33,-0.023119007132307093,0.05,Thm. 3.2
-0.022762106549928544,0.01589327107322531,0.33,-0.058860570845474004,0.1,Thm. 3.2
-0.03443280886860884,0.015907013715608043,0.33,-0.10831207483917552,0.15,Thm. 3.2
-0.04754553021727276,0.015889684649300462,0.33,-0.1583120748391755,0.2,Thm. 3.2
-0.058611615797540824,0.01589089578477886,0.33,-0.2083120748391755,0.25,Thm. 3.2
-0.02781045990445537,0.014576870515941656,0.34,-0.020741025795010692,0.05,Thm. 3.2
-0.022095554380840786,0.01550593621223568,0.34,-0.05582240248899901,0.1,Thm. 3.2
-0.03283468748649041,0.015483585990787786,0.34,-0.10512679569260562,0.15,Thm. 3.2
-0.0451209785043802,0.01546545899753525,0.34,-0.15512679569260562,0.2,Thm. 3.2
-0.05520483349561363,0.015465051919476756,0.34,-0.2051267956926056,0.25,Thm. 3.2
-0.027644295786976372,0.01427376410068805,0.35000000000000003,-0.018525239226955502,0.05,Thm. 3.2
-0.02143030431524249,0.015109245254170539,0.35000000000000003,-0.052565598647567505,0.1,Thm. 3.2
-0.031079313536290593,0.015117540903063872,0.35000000000000003,-0.10178651251733642,0.15,Thm. 3.2
-0.04245401589095764,0.015098531999318068,0.35000000000000003,-0.1517865125173364,0.2,Thm. 3.2
-0.051822572526399296,0.015096324326600548,0.35000000000000003,-0.2017865125173364,0.25,Thm. 3.2
-0.027535296663818883,0.013900393092081341,0.36000000000000004,-0.016405875462860597,0.05,Thm. 3.2
-0.020866191719971047,0.014672631929601962,0.36000000000000004,-0.04926299212996821,0.1,Thm. 3.2
-0.02931007956140863,0.014695112665544074,0.36000000000000004,-0.09826029356215901,0.15,Thm. 3.2
-0.0397963180371356,0.014675669728344859,0.36000000000000004,-0.148260293562159,0.2,Thm. 3.2
-0.04847226048765998,0.014672281373872947,0.36000000000000004,-0.198260293562159,0.25,Thm. 3.2
-0.027373878077498158,0.013544377846741385,0.37,-0.014152165692658904,0.05,Thm. 3.2
-0.020139845390673535,0.014255377843397999,0.37,-0.045948291345686704,0.1,Thm. 3.2
-0.02753654272780879,0.014273179364487918,0.37,-0.09444433383460232,0.15,Thm. 3.2
-0.03741831742589845,0.014253389478415859,0.37,-0.1444443338346023,0.2,Thm. 3.2
-0.045484188093165956,0.014248834625136077,0.37,-0.1944443338346023,0.25,Thm. 3.2
-0.027192659771269813,0.013220548883163553,0.38,-0.0120377006218872,0.05,Thm. 3.2
-0.019102822611715062,0.013847895071660482,0.38,-0.042470074333521804,0.1,Thm. 3.2
-0.025871660898122036,0.013857080461390031,0.38,-0.09067556890346101,0.15,Thm. 3.2
-0.03476650622975516,0.013837145349624663,0.38,-0.140675568903461,0.2,Thm. 3.2
-0.04217513653607146,0.013831668137062231,0.38,-0.190675568903461,0.25,Thm. 3.2
-0.026951241644543787,0.01287857459116807,0.39,-0.010012745687173696,0.05,Thm. 3.2
-0.018086888316980423,0.013487333102246408,0.39,-0.038800925269588706,0.1,Thm. 3.2
-0.024022593685270054,0.013493831740889669,0.39,-0.08696355464383812,0.15,Thm. 3.2
-0.032350074018824726,0.013473915484759123,0.39,-0.1369635546438381,0.2,Thm. 3.2
-0.03884905256836506,0.013467665515141414,0.39,-0.1869635546438381,0.25,Thm. 3.2
-0.02680063313749607,0.012539923347671,0.4,-0.007680508330534505,0.05,Thm. 3.2
-0.017085485543766068,0.013121051333781771,0.4,-0.03536152815755801,0.1,Thm. 3.2
-0.022178080384841682,0.01316360942913385,0.4,-0.08280882923255073,0.15,Thm. 3.2
-0.02966717698765997,0.013143332907681202,0.4,-0.13280578087438383,0.2,Thm. 3.2
-0.035534842405887175,0.01313593972321051,0.4,-0.18280578087438382,0.25,Thm. 3.2
-0.0267155461055606,0.012222616750134899,0.41000000000000003,-0.005684352677963404,0.05,Thm. 3.2
-0.016605168966086804,0.01277682761350576,0.41000000000000003,-0.0317311865356716,0.1,Thm. 3.2
-0.020529776621430615,0.012816750539378962,0.41000000000000003,-0.07821255698074123,0.15,Thm. 3.2
-0.027265554849005058,0.01279589970809793,0.41000000000000003,-0.1282118478123816,0.2,Thm. 3.2
-0.03257629965974986,0.01278714610216621,0.41000000000000003,-0.17821184781238159,0.25,Thm. 3.2
-0.026569717069622977,0.011912959994889023,0.42000000000000004,-0.0035628983350181956,0.05,Thm. 3.2
-0.015917950375051084,0.012411627632122986,0.42000000000000004,-0.02757016974701261,0.1,Thm. 3.2
-0.018630767365154594,0.0124316920355953,0.42000000000000004,-0.07368869516081612,0.15,Thm. 3.2
-0.024588452360709424,0.012410071004110932,0.42000000000000004,-0.12365719932289741,0.2,Thm. 3.2
-0.029294018533666893,0.012399591018973805,0.42000000000000004,-0.17365719932289742,0.25,Thm. 3.2
-0.026363661761051593,0.01159116410970761,0.43,-0.0013872342163363041,0.05,Thm. 3.2
-0.014893532058864888,0.012039553251178723,0.43,-0.023573832896702104,0.1,Thm. 3.2
-0.016694651581286652,0.012074830339456517,0.43,-0.06898030776468572,0.15,Thm. 3.2
-0.022142868434177482,0.012052415685290861,0.43,-0.1189720996333268,0.2,Thm. 3.2
-0.025985689390361562,0.01204065025930825,0.43,-0.1689720996333268,0.25,Thm. 3.2
-0.026083299521053246,0.011272185090860495,0.44,7.842228117177982e-4,0.05,Thm. 3.2
-0.013929815622418497,0.011678042917581732,0.44,-0.019789113985258303,0.1,Thm. 3.2
-0.01477977007127922,0.011698742024825208,0.44,-0.06303130369880872,0.15,Thm. 3.2
-0.01942092554181011,0.011675947970660464,0.44,-0.11300791212383152,0.2,Thm. 3.2
-0.022688301860195347,0.011663036299028276,0.44,-0.1630079121238315,0.25,Thm. 3.2
-0.025820740293839482,0.01096621944701812,0.45,0.0028601309554352056,0.05,Thm. 3.2
-0.0128391299342674,0.011308714158106503,0.45,-0.015090772800904997,0.1,Thm. 3.2
-0.012904026294407218,0.011334380127443653,0.45,-0.056363551360062325,0.15,Thm. 3.2
-0.01698710811156694,0.011310918818637722,0.45,-0.1063215653239357,0.2,Thm. 3.2
-0.01973963775017163,0.011296540511024933,0.45,-0.1563215653239357,0.25,Thm. 3.2
-0.025560473919000237,0.010667509854162923,0.46,0.005144386730033999,0.05,Thm. 3.2
-0.011806476519661206,0.010937605164136645,0.46,-0.010408990673661994,0.1,Thm. 3.2
-0.011096812547705412,0.010975544226357133,0.46,-0.047583879836978024,0.15,Thm. 3.2
-0.014262272373375483,0.010950799659432752,0.46,-0.09753906456638801,0.2,Thm. 3.2
-0.016458946583532245,0.010934347861679867,0.46,-0.147539064566388,0.25,Thm. 3.2
-0.02543557719322783,0.010375594021210636,0.47000000000000003,0.007199476052478802,0.05,Thm. 3.2
-0.010772665004321894,0.010583572568403933,0.47000000000000003,-0.005357273148956704,0.1,Thm. 3.2
-0.009109922827173936,0.010617695648337576,0.47000000000000003,-0.03694628146630702,0.15,Thm. 3.2
-0.011804543607735727,0.010595808708055578,0.47000000000000003,-0.08677324498026201,0.2,Thm. 3.2
-0.013174653236272996,0.01057684129919782,0.47000000000000003,-0.136773244980262,0.25,Thm. 3.2
-0.025331068096196008,0.010093675595414556,0.48000000000000004,0.009501760806921403,0.05,Thm. 3.2
-0.009717762536038427,0.010237693003083677,0.48000000000000004,4.836691632787993e-4,0.1,Thm. 3.2
-0.007043480758247494,0.010267246691118509,0.48000000000000004,-0.025194252219526023,0.15,Thm. 3.2
-0.009007847482142395,0.010239778908108678,0.48000000000000004,-0.07431589894576501,0.2,Thm. 3.2
-0.009818570175457677,0.010218406304989948,0.48000000000000004,-0.124315898945765,0.25,Thm. 3.2
-0.02528725709623693,0.009818837216399,0.49,0.011630804942986003,0.05,Thm. 3.2
-0.008759804137406815,0.009889089761662865,0.49,0.0064312690116652,0.1,Thm. 3.2
-0.004869937295077067,0.009912199345157705,0.49,-0.007934844930656021,0.15,Thm. 3.2
-0.0063598179559677115,0.009885597472489144,0.49,-0.05294762381824902,0.2,Thm. 3.2
-0.006701518412372469,0.009860338285349943,0.49,-0.10294762381824901,0.25,Thm. 3.2
-0.02521655214723399,0.0095461494734338,0.5,0.013638786832836702,0.05,Thm. 3.2
-0.00780480481832334,0.009545900928477395,0.5,0.012059699327821999,0.1,Thm. 3.2
-0.0028623714815686724,0.009546906088900636,0.5,0.012928477456705972,0.15,Thm. 3.2
-0.003364943064226838,0.009550360910274334,0.5,0.017848989608563015,0.2,Thm. 3.2
-0.0030991917905105228,0.009535013926483784,0.5,-0.004608457018108997,0.25,Thm. 3.2
-0.025112080744146545,0.009277604252002355,0.51,0.015640741213730103,0.05,Thm. 3.2
-0.006786347173364586,0.009206852962297972,0.51,0.017248693122561998,0.1,Thm. 3.2
-2.7057626202413445e-4,0.009188026796663827,0.51,0.03191867439198902,0.15,Thm. 3.2
1.3642878834255109e-5,0.00921920681342199,0.51,0.07682377677020301,0.2,Thm. 3.2
0.01667085829941959,0.009261145062087283,0.51,0.126823776770203,0.25,Thm. 3.2
-0.02495298325318644,0.009008597453159925,0.52,0.017708011299532894,0.05,Thm. 3.2
-0.005791068222818206,0.008872278493423308,0.52,0.022922328247496612,0.1,Thm. 3.2
0.017444199843730315,0.008837867392438746,0.52,0.04812051568890102,0.15,Thm. 3.2
0.06197929453673333,0.008872629635907065,0.52,0.09641089704833901,0.2,Thm. 3.2
0.11163502666864229,0.008914692089661254,0.52,0.14641089704833898,0.25,Thm. 3.2
-0.024735678899876663,0.008744915434926611,0.53,0.019925083690176003,0.05,Thm. 3.2
-0.004838260048807325,0.008539367947385449,0.53,0.028252120953191406,0.1,Thm. 3.2
0.02643190044438989,0.008500092421261915,0.53,0.06138010856706502,0.15,Thm. 3.2
0.07534139671546167,0.008535151644741596,0.53,0.1109316615151758,0.2,Thm. 3.2
0.12533909760042594,0.008576815327021882,0.53,0.1609316615151758,0.25,Thm. 3.2
-0.02454451339824345,0.008481772594519843,0.54,0.022192293764410502,0.05,Thm. 3.2
-0.0038549794610917,0.008217213203869799,0.54,0.033738896446587105,0.1,Thm. 3.2
0.03282780844269423,0.008171797120091777,0.54,0.07110284275505892,0.15,Thm. 3.2
0.08383356123630992,0.00820653777859382,0.54,0.12094183636937061,0.2,Thm. 3.2
0.13383264288634655,0.008247387726331351,0.54,0.1709418363693706,0.25,Thm. 3.2
-0.024387395669000906,0.008237259852408658,0.55,0.024358766279251196,0.05,Thm. 3.2
-0.0026274519997390566,0.007891457469712603,0.55,0.03872649051338101,0.1,Thm. 3.2
0.03797356254805061,0.007854762284866125,0.55,0.07978930091643262,0.15,Thm. 3.2
0.08809325026635384,0.007888780362310643,0.55,0.12973430205894781,0.2,Thm. 3.2
0.1380910150698454,0.007928712148292431,0.55,0.1797343020589478,0.25,Thm. 3.2
-0.024188413184893846,0.007980124122499009,0.56,0.026568498121302797,0.05,Thm. 3.2
-0.0013917441616575718,0.0075762376841111475,0.56,0.043919823231657204,0.1,Thm. 3.2
0.04298003870860936,0.007548200973068123,0.56,0.08687588512141252,0.15,Thm. 3.2
0.09298689205036167,0.007580965533930299,0.56,0.13685933713961052,0.2,Thm. 3.2
0.14298543384624285,0.00761985340712759,0.56,0.1868593371396105,0.25,Thm. 3.2
-0.0240459944787147,0.007720968005229797,0.5700000000000001,0.028808437611559802,0.05,Thm. 3.2
3.02828037277726e-4,0.0072771868978283374,0.5700000000000001,0.048736257171086705,0.1,Thm. 3.2
0.0457245745482068,0.007251883641006123,0.5700000000000001,0.09334722456822092,0.15,Thm. 3.2
0.09575180472886581,0.007283333137373066,0.5700000000000001,0.1433472245682209,0.2,Thm. 3.2
0.14577903490952485,0.007321142172814966,0.5700000000000001,0.1933472245682209,0.25,Thm. 3.2
-0.02391773106378911,0.007484354660352332,0.5800000000000001,0.030954078776099098,0.05,Thm. 3.2
0.004577301627051622,0.006990964109360114,0.5800000000000001,0.053380151014082305,0.1,Thm. 3.2
0.04829918789045908,0.006962149896132475,0.5800000000000001,0.09916429392624072,0.15,Thm. 3.2
0.09830066018493692,0.006995341758553666,0.5800000000000001,0.1491642939262407,0.2,Thm. 3.2
0.14829878129912827,0.007032040003122722,0.5800000000000001,0.1991642939262407,0.25,Thm. 3.2
-0.02384706890130428,0.0072401004484838475,0.59,0.033361559096140504,0.05,Thm. 3.2
0.00799241707593262,0.006713120741763666,0.59,0.05808632240406011,0.1,Thm. 3.2
0.05308430682742782,0.006684458859176885,0.59,0.10454941490319833,0.15,Thm. 3.2
0.10311006418003238,0.006716676062953802,0.59,0.15454941490319832,0.2,Thm. 3.2
0.15310848541162234,0.00675225269506666,0.59,0.2045494149031983,0.25,Thm. 3.2
-0.023750572588782333,0.007019936307605144,0.6,0.0357084453003487,0.05,Thm. 3.2
0.008796371954415213,0.006442711905994045,0.6,0.062265241992654506,0.1,Thm. 3.2
0.05800430675636353,0.006415825594309521,0.6,0.10979986685086722,0.15,Thm. 3.2
0.10802589613803115,0.0064470738544065865,0.6,0.15979986685086722,0.2,Thm. 3.2
0.15804586517825647,0.0064815398368997254,0.6,0.2097998668508672,0.25,Thm. 3.2
-0.023528549984511406,0.006809785711965977,0.61,0.037972885564428,0.05,Thm. 3.2
0.009654686074010734,0.006176415376445447,0.61,0.0663188151046441,0.1,Thm. 3.2
0.05938667980773261,0.006155346691788345,0.61,0.11411729788023382,0.15,Thm. 3.2
0.10942081968588058,0.006185582585103888,0.61,0.16411729788023383,0.2,Thm. 3.2
0.15941815747379046,0.006218900240318629,0.61,0.21411729788023381,0.25,Thm. 3.2
-0.0230810790187636,0.006592203369944601,0.62,0.040486658039558004,0.05,Thm. 3.2
0.010366960046355529,0.005922797205314361,0.62,0.07015336853885171,0.1,Thm. 3.2
0.06010378475586005,0.0059030792287402475,0.62,0.11827416940425632,0.15,Thm. 3.2
0.11005831906466379,0.005932312001933907,0.62,0.16827416940425632,0.2,Thm. 3.2
0.16005552543829987,0.005964495289718848,0.62,0.2182741694042563,0.25,Thm. 3.2
-0.022738639419997715,0.006352445791062142,0.63,0.042812827970412456,0.05,Thm. 3.2
0.010962561395341583,0.005671096382729051,0.63,0.07401964555982099,0.1,Thm. 3.2
0.060578329854568944,0.005658837282142576,0.63,0.12264745170911473,0.15,Thm. 3.2
0.11051808541321081,0.005687097992936292,0.63,0.17264745170911472,0.2,Thm. 3.2
0.16051578613428008,0.005718182120162024,0.63,0.2226474517091147,0.25,Thm. 3.2
-0.022282121871973547,0.00616309194232639,0.64,0.04515217222218659,0.05,Thm. 3.2
0.011547394269004235,0.005437375957006398,0.64,0.0780960204098203,0.1,Thm. 3.2
0.06088877360696399,0.005421998770205081,0.64,0.12677815698892342,0.15,Thm. 3.2
0.11083585358134375,0.005449291029684625,0.64,0.1767781569889234,0.2,Thm. 3.2
0.1608339446248085,0.0054792839667619315,0.64,0.2267781569889234,0.25,Thm. 3.2
-0.021789266674445563,0.005947031330460339,0.65,0.0475828323393586,0.05,Thm. 3.2
0.011973986833826215,0.005209319203382334,0.65,0.0817686279987973,0.1,Thm. 3.2
0.06120888383019234,0.005192315192169886,0.65,0.13084163428271742,0.15,Thm. 3.2
0.11114720298836361,0.00521865272505735,0.65,0.1808416342827174,0.2,Thm. 3.2
0.16114609268572183,0.005247572199855879,0.65,0.2308416342827174,0.25,Thm. 3.2
-0.021322723165052584,0.005715785257419948,0.66,0.05006109763221618,0.05,Thm. 3.2
0.01244547834598976,0.004979177285418324,0.66,0.0855672001564106,0.1,Thm. 3.2
0.06158256089970229,0.0049694101089709205,0.66,0.1347308274710803,0.15,Thm. 3.2
0.111580808714345,0.0049948010208207255,0.66,0.1847308274710803,0.2,Thm. 3.2
0.16157666158868278,0.00502265904268454,0.66,0.2347308274710803,0.25,Thm. 3.2
-0.020754326654989972,0.0055400355850095265,0.67,0.052738079549962846,0.05,Thm. 3.2
0.013191640663672247,0.00476296583075823,0.67,0.08928404109214,0.1,Thm. 3.2
0.0629830395520208,0.004753042424369264,0.67,0.1385714764850947,0.15,Thm. 3.2
0.11297687302057563,0.004777501232829607,0.67,0.1885714764850947,0.2,Thm. 3.2
0.16297070648913048,0.004804315945046932,0.67,0.2385714764850947,0.25,Thm. 3.2
-0.020313419893844206,0.005335275699445545,0.68,0.05527823165315891,0.05,Thm. 3.2
0.014262616064106146,0.004554136715219431,0.68,0.092886665581902,0.1,Thm. 3.2
0.06384595565368309,0.004542915058581448,0.68,0.14234380014570963,0.15,Thm. 3.2
0.1138440288330499,0.004566454977045769,0.68,0.19234380014570962,0.2,Thm. 3.2
0.16384210201241672,0.004592243071949401,0.68,0.2423438001457096,0.25,Thm. 3.2
-0.0197401155024303,0.0051223990205450124,0.6900000000000001,0.0577691315554434,0.05,Thm. 3.2
0.014934269557578124,0.0043377975733051724,0.6900000000000001,0.09630633180655922,0.1,Thm. 3.2
0.0641388459931927,0.004338688106019291,0.6900000000000001,0.1458865671313101,0.15,Thm. 3.2
0.114136383915279,0.00436131511903775,0.6900000000000001,0.19588656713131009,0.2,Thm. 3.2
0.16413369588020127,0.004386086019188281,0.6900000000000001,0.24588656713131007,0.25,Thm. 3.2
-0.019317083230974766,0.004948689241194497,0.7000000000000001,0.060278806091207504,0.05,Thm. 3.2
0.015036946167946394,0.004138916430904387,0.7000000000000001,0.09945527851108478,0.1,Thm. 3.2
0.06473483371658742,0.004140109149627638,0.7000000000000001,0.14918586545925874,0.15,Thm. 3.2
0.11473156608320842,0.004161829407369774,0.7000000000000001,0.19918586545925873,0.2,Thm. 3.2
0.16472829844982947,0.004185592551252139,0.7000000000000001,0.24918586545925872,0.25,Thm. 3.2
-0.018617533772925087,0.00478080923126556,0.7100000000000001,0.0628101378427551,0.05,Thm. 3.2
0.016168108609335683,0.0039452778150944395,0.7100000000000001,0.10296976437534981,0.1,Thm. 3.2
0.0662583109441745,0.00394715792273152,0.7100000000000001,0.15277422205926672,0.15,Thm. 3.2
0.11625507353581102,0.003967999231530325,0.7100000000000001,0.2027742220592667,0.2,Thm. 3.2
0.16625183612744757,0.003990785220682345,0.7100000000000001,0.2527742220592667,0.25,Thm. 3.2
-0.018013783114741756,0.0045645907625740285,0.72,0.065345775834301,0.05,Thm. 3.2
0.017645946600808652,0.0037590397601253494,0.72,0.10635163739343628,0.1,Thm. 3.2
0.06764100164951163,0.0037593731783730697,0.72,0.1560831616793437,0.15,Thm. 3.2
0.11763931301419624,0.003779339807373666,0.72,0.20608316167934368,0.2,Thm. 3.2
0.16763762437888088,0.0038011559558340513,0.72,0.2560831616793437,0.25,Thm. 3.2
-0.017574821984754827,0.004364814096888381,0.73,0.0677529165134031,0.05,Thm. 3.2
0.019049860422649653,0.0035781972073426235,0.73,0.10960414153960156,0.1,Thm. 3.2
0.06927707613111958,0.003576679222749482,0.73,0.15946513887054478,0.15,Thm. 3.2
0.11927407355689491,0.0035957889019088184,0.73,0.20946513887054477,0.2,Thm. 3.2
0.16927107098267027,0.0036166556381596986,0.73,0.25946513887054473,0.25,Thm. 3.2
-0.017053868352132892,0.004171704153140537,0.74,0.0705992777239694,0.05,Thm. 3.2
0.020502573884729685,0.003402332250790252,0.74,0.1127975825485122,0.1,Thm. 3.2
0.07139174329401778,0.00339877664034022,0.74,0.16266257654369323,0.15,Thm. 3.2
0.12139141700519968,0.003417037441983207,0.74,0.21266257654369322,0.2,Thm. 3.2
0.17139109071638156,0.0034369655765933748,0.74,0.2626625765436932,0.25,Thm. 3.2
-0.016606216383584917,0.003952980677474994,0.75,0.0731468162427211,0.05,Thm. 3.2
0.021472705838422784,0.0032301686306686174,0.75,0.1162552884400662,0.1,Thm. 3.2
0.07312243076565511,0.003225632060714847,0.75,0.16613549526915272,0.15,Thm. 3.2
0.12312228182717874,0.003243067131069601,0.75,0.2161354952691527,0.2,Thm. 3.2
0.17312213288870237,0.003262082184514795,0.75,0.2661354952691527,0.25,Thm. 3.2
-0.016206785307277358,0.0037984366710225605,0.76,0.0758860869493405,0.05,Thm. 3.2
0.022428718314518606,0.003058406293817058,0.76,0.11942125576978481,0.1,Thm. 3.2
0.0734709960744254,0.0030568519490570545,0.76,0.16926673768989303,0.15,Thm. 3.2
0.1234700918172431,0.0030734638562515135,0.76,0.21926673768989302,0.2,Thm. 3.2
0.17346918756006077,0.003091571006366429,0.76,0.269266737689893,0.25,Thm. 3.2
-0.015768922849568594,0.003585262912599744,0.77,0.0783758396353795,0.05,Thm. 3.2
0.023283904456969318,0.0028952675560898534,0.77,0.1227355518162766,0.1,Thm. 3.2
0.07371893767120986,0.0028924586675370683,0.77,0.17265878959388073,0.15,Thm. 3.2
0.12371580645033142,0.0029082683624107467,0.77,0.22265878959388072,0.2,Thm. 3.2
0.1737133313034179,0.002925490759828244,0.77,0.2726587895938807,0.25,Thm. 3.2
-0.015278795559656007,0.003400185006539462,0.78,0.08116197635663011,0.05,Thm. 3.2
0.023918281633447808,0.0027343704273392394,0.78,0.12591858353201602,0.1,Thm. 3.2
0.07400005407844475,0.002732153095469663,0.78,0.17589008132882222,0.15,Thm. 3.2
0.12399842848140778,0.002747168425019607,0.78,0.2258900813288222,0.2,Thm. 3.2
0.17399680288437083,0.002763516239777376,0.78,0.2758900813288222,0.25,Thm. 3.2
-0.01507678729312786,0.0032429810400849833,0.79,0.08375822336090241,0.05,Thm. 3.2
0.0246049379580017,0.0025798490407880513,0.79,0.1290865744560351,0.1,Thm. 3.2
0.0744459850814839,0.00257580428194277,0.79,0.17903310385370982,0.15,Thm. 3.2
0.12444427101722645,0.002590035237316469,0.79,0.2290331038537098,0.2,Thm. 3.2
0.17444255695296898,0.0026055206559756905,0.79,0.2790331038537098,0.25,Thm. 3.2
-0.014713342985347811,0.003031155057136977,0.8,0.0866425312420621,0.05,Thm. 3.2
0.025416820487275324,0.002429249557438217,0.8,0.1322597165630371,0.1,Thm. 3.2
0.07496854664822218,0.0024233087755681365,0.8,0.18225383157483652,0.15,Thm. 3.2
0.12496795187098379,0.0024367692523415505,0.8,0.2322538315748365,0.2,Thm. 3.2
0.1749673570937454,0.0024514082117814496,0.8,0.2822538315748365,0.25,Thm. 3.2
-0.014158941202041643,0.0027874075354662018,0.81,0.0893103172126526,0.05,Thm. 3.2
0.02589599068165823,0.0022824136218844476,0.81,0.135276155930273,0.1,Thm. 3.2
0.07535200806831532,0.0022744506904118274,0.81,0.18526465208944642,0.15,Thm. 3.2
0.12535864906987257,0.0022871473933096984,0.81,0.2352646520894464,0.2,Thm. 3.2
0.17536637970379834,0.002300948679474812,0.81,0.2852646520894464,0.25,Thm. 3.2
-0.01346484481029765,0.0025873943614604473,0.8200000000000001,0.0922530178087787,0.05,Thm. 3.2
0.026545896814520648,0.0021393106427587062,0.8200000000000001,0.13854759324180532,0.1,Thm. 3.2
0.07612065810915973,0.0021292105285968897,0.8200000000000001,0.18853461832602353,0.15,Thm. 3.2
0.12611010031732364,0.002141160441949134,0.8200000000000001,0.23853461832602352,0.2,Thm. 3.2
0.17609954252548754,0.0021541428641838945,0.8200000000000001,0.2885346183260235,0.25,Thm. 3.2
-0.012665633145680744,0.0024555418128204684,0.8300000000000001,0.09517052703876691,0.05,Thm. 3.2
0.027455685389123748,0.001999757801324521,0.8300000000000001,0.1416965681298006,0.1,Thm. 3.2
0.07669529125956727,0.001987367580104844,0.8300000000000001,0.19168829118994782,0.15,Thm. 3.2
0.12669426677232729,0.001998578890799722,0.8300000000000001,0.2416882911899478,0.2,Thm. 3.2
0.17669324228508732,0.0020107525369065906,0.8300000000000001,0.2916882911899478,0.25,Thm. 3.2
-0.012107289140109997,0.002271605510757162,0.8400000000000001,0.0980660404487852,0.05,Thm. 3.2
0.028302765176951166,0.0018636928745231107,0.8400000000000001,0.1448840291402458,0.1,Thm. 3.2
0.07715386118220754,0.001848833367277462,0.8400000000000001,0.1948734080904057,0.15,Thm. 3.2
0.12715962556683394,0.0018593170465969803,0.8400000000000001,0.2448734080904057,0.2,Thm. 3.2
0.1771653899514603,0.0018706946686441516,0.8400000000000001,0.2948734080904057,0.25,Thm. 3.2
-0.011351704728026081,0.0021245286078962213,0.85,0.1012821317930081,0.05,Thm. 3.2
0.029277197587999598,0.0017045856412354868,0.85,0.1482153565313621,0.1,Thm. 3.2
0.07897997571692253,0.0017135128143692913,0.85,0.19821535653136213,0.15,Thm. 3.2
0.12898551454316481,0.0017232814433363246,0.85,0.24821535653136212,0.2,Thm. 3.2
0.1789840142111765,0.0017338773059605065,0.85,0.2982153565313621,0.25,Thm. 3.2
-0.010333117207204041,0.0020109579683180606,0.86,0.1045915082465462,0.05,Thm. 3.2
0.029803511549503885,0.0015730030359812734,0.86,0.1517462769323315,0.1,Thm. 3.2
0.0794177220836206,0.0015812934088238278,0.86,0.20174627693233152,0.15,Thm. 3.2
0.1294181204613708,0.00159035910928476,0.86,0.25174627693233154,0.2,Thm. 3.2
0.17941851883912097,0.0016001869597932316,0.86,0.30174627693233147,0.25,Thm. 3.2
-0.009395664743140207,0.001863373813226224,0.87,0.1080444884042864,0.05,Thm. 3.2
0.0309700349158601,0.0014444123425726694,0.87,0.1555641162794511,0.1,Thm. 3.2
0.08099533923846945,0.001452076810968884,0.87,0.20556411627945112,0.15,Thm. 3.2
0.13098948239097175,0.0014604520544319812,0.87,0.2555641162794511,0.2,Thm. 3.2
0.18098362554347402,0.0014695259202883628,0.87,0.3055641162794511,0.25,Thm. 3.2
-0.008469101412668472,0.0017228502483861157,0.88,0.1116738895232271,0.05,Thm. 3.2
0.032744646082048905,0.001318655866892354,0.88,0.15932522750175432,0.1,Thm. 3.2
0.08288576136277083,0.001325699526973967,0.88,0.2093252275017543,0.15,Thm. 3.2
0.13288134761073134,0.0013333910211524823,0.88,0.2593252275017543,0.2,Thm. 3.2
0.18287693385869186,0.0013417192082186228,0.88,0.3093252275017543,0.25,Thm. 3.2
-0.007736167213522162,0.0015540118472139892,0.89,0.1151591914881611,0.05,Thm. 3.2
0.03434679815651092,0.0011956412385123606,0.89,0.1630490827385418,0.1,Thm. 3.2
0.0843851123169053,0.0012020694451854582,0.89,0.21304908273854184,0.15,Thm. 3.2
0.13444401166410536,0.001209084096608802,0.89,0.26304908273854183,0.2,Thm. 3.2
0.18446048963188005,0.0012166750495111317,0.89,0.3130490827385418,0.25,Thm. 3.2
-0.006978991744979032,0.00144847613444681,0.9,0.1190789794954452,0.05,Thm. 3.2
0.034934554671363756,0.0010753283892371232,0.9,0.16719566215636972,0.1,Thm. 3.2
0.08494517097876222,0.0010811513375001034,0.9,0.2171956621563697,0.15,Thm. 3.2
0.13494158726988828,0.0010875007584419977,0.9,0.2671956621563697,0.2,Thm. 3.2
0.18493181286242838,0.0010943674884609273,0.9,0.3171956621563697,0.25,Thm. 3.2
-0.006327761270175194,0.0012892498998542006,0.91,0.1233620570402225,0.05,Thm. 3.2
0.036609348417040125,9.576170742414281e-4,0.91,0.171791437378169,0.1,Thm. 3.2
0.08670603692143525,9.628435387383724e-4,0.91,0.22179143737816903,0.15,Thm. 3.2
0.13670481436631174,9.685378923786547e-4,0.91,0.271791437378169,0.2,Thm. 3.2
0.18670359181118823,9.746919346787874e-4,0.91,0.321791437378169,0.25,Thm. 3.2
-0.0057113350849139965,0.001149565150414119,0.92,0.1277660574508137,0.05,Thm. 3.2
0.03843802913177349,8.423643961922882e-4,0.92,0.17634806211887533,0.1,Thm. 3.2
0.08853696490510549,8.469974226422572e-4,0.92,0.22634806211887532,0.15,Thm. 3.2
0.13853622126006268,8.520411903667753e-4,0.92,0.2763480621188753,0.2,Thm. 3.2
0.1885354776150199,8.574884514262648e-4,0.92,0.3263480621188753,0.25,Thm. 3.2
-0.005146784329279036,9.887324010571525e-4,0.93,0.1326603916215878,0.05,Thm. 3.2
0.03910091884412836,7.295044252657961e-4,0.93,0.181040078581188,0.1,Thm. 3.2
0.08924957910106322,7.335483533760449e-4,0.93,0.23104007858118802,0.15,Thm. 3.2
0.13924884239873211,7.37947242310878e-4,0.93,0.281040078581188,0.2,Thm. 3.2
0.18924810569640102,7.426947849304912e-4,0.93,0.331040078581188,0.25,Thm. 3.2
-0.004404642859990765,8.964986858222268e-4,0.9400000000000001,0.1382112270571593,0.05,Thm. 3.2
0.04046474494650262,6.190309955130052e-4,0.9400000000000001,0.1870105872296962,0.1,Thm. 3.2
0.09042117313434474,6.224965602515594e-4,0.9400000000000001,0.23701058722969623,0.15,Thm. 3.2
0.14041713967239453,6.262625177300381e-4,0.9400000000000001,0.2870105872296962,0.2,Thm. 3.2
0.19041310621044438,6.303234837537402e-4,0.9400000000000001,0.33701058722969623,0.25,Thm. 3.2
-0.003612386398737272,6.858357390776551e-4,0.9500000000000001,0.1448002291011489,0.05,Thm. 3.2
0.0429423219658012,5.107961071887136e-4,0.9500000000000001,0.1936862109519653,0.1,Thm. 3.2
0.09298553511236535,5.136869959170232e-4,0.9500000000000001,0.24368621095196533,0.15,Thm. 3.2
0.14302874825892944,5.168249984802462e-4,0.9500000000000001,0.29368621095196534,0.2,Thm. 3.2
0.19307196140549354,5.202056429516084e-4,0.9500000000000001,0.3436862109519653,0.25,Thm. 3.2
-0.002403382231892549,5.672651891781691e-4,0.9600000000000001,0.153304761874604,0.05,Thm. 3.2
0.04726755266214337,4.0476780071218985e-4,0.9600000000000001,0.202465705118299,0.1,Thm. 3.2
0.09730542318911117,4.070910195835276e-4,0.9600000000000001,0.252465705118299,0.15,Thm. 3.2
0.14732463516382036,4.0960926254646494e-4,0.9600000000000001,0.302465705118299,0.2,Thm. 3.2
0.19734384713852954,4.1231895628056125e-4,0.9600000000000001,0.352465705118299,0.25,Thm. 3.2
-0.0012367599398264509,4.880837906532002e-4,0.97,0.163568822086803,0.05,Thm. 3.2
0.05162162600064177,3.0080610190054023e-4,0.97,0.213259868860724,0.1,Thm. 3.2
0.10156983758242769,3.0256202168668666e-4,0.97,0.26325986886072406,0.15,Thm. 3.2
0.15156739880490427,3.044621408561549e-4,0.97,0.313259868860724,0.2,Thm. 3.2
0.2015649600273809,3.065037776004277e-4,0.97,0.36325986886072403,0.25,Thm. 3.2
-3.198037655466724e-5,3.6444654287958107e-4,0.98,0.176033009962139,0.05,Thm. 3.2
0.05423096718340302,1.9877020069835433e-4,0.98,0.225691397993915,0.1,Thm. 3.2
0.10411268968136236,1.9995268688598178e-4,0.98,0.275691397993915,0.15,Thm. 3.2
0.15410990713851747,2.0122989344616678e-4,0.98,0.325691397993915,0.2,Thm. 3.2
0.20410712459567257,2.0260002901273372e-4,0.98,0.375691397993915,0.25,Thm. 3.2
0.028483785198604717,9.806876983776608e-5,0.99,0.197178486540326,0.05,Thm. 3.2
0.07468288739617739,9.86269262406098e-5,0.99,0.247178486540326,0.1,Thm. 3.2
0.12469553006934511,9.923245010931346e-5,0.99,0.297178486540326,0.15,Thm. 3.2
0.17470817274251277,9.988447998849897e-5,0.99,0.347178486540326,0.2,Thm. 3.2
0.2247208154156804,1.005821114477972e-4,0.99,0.397178486540326,0.25,Thm. 3.2
0.09689955430152554,1.2218834655050255e-19,1,0.295391542981891,0.05,Thm. 3.2
0.14679522086747124,2.012171765130891e-19,1,0.345391542981891,0.1,Thm. 3.2
0.19669088743341687,1.73070630270735e-19,1,0.39539154298189105,0.15,Thm. 3.2
0.24658655399936252,2.315058139997103e-19,1,0.445391542981891,0.2,Thm. 3.2
0.2964822205653082,7.522492267285375e-20,1,0.49539154298189103,0.25,Thm. 3.2
-0.1408797195497147,0.07668805075384544,0.01,-0.140279775813065,0.05,Thm. 3.3
-0.13721614408963953,0.04755762771926757,0.02,-0.123176223229797,0.05,Thm. 3.3
-0.13628564798690182,0.04099357091011103,0.03,-0.11270478824176,0.05,Thm. 3.3
-0.13586568590008646,0.03983228789885399,0.04,-0.103589102951661,0.05,Thm. 3.3
-0.13548911766081917,0.03391337832104044,0.05,-0.0953757044243767,0.05,Thm. 3.3
-0.13467788605228562,0.03064445044675139,0.060000000000000005,-0.0890683384848242,0.05,Thm. 3.3
-0.13373092321926208,0.027275922351381657,0.06999999999999999,-0.0839897716485562,0.05,Thm. 3.3
-0.13263454170966657,0.02584052390034438,0.08,-0.0790581636306294,0.05,Thm. 3.3
-0.13180215339024312,0.024246989169277377,0.09,-0.0743906068022217,0.05,Thm. 3.3
-0.1309684433141898,0.022646197885579217,0.09999999999999999,-0.0702656979410522,0.05,Thm. 3.3
-0.13013461059208117,0.021716725526845934,0.11,-0.0665376673147263,0.05,Thm. 3.3
-0.12900156483409844,0.02071831992946776,0.12,-0.0631406628603895,0.05,Thm. 3.3
-0.1282525326380062,0.01984777047407543,0.13,-0.0599636870275124,0.05,Thm. 3.3
-0.12678511577860424,0.018884466507346154,0.14,-0.0566527754317791,0.05,Thm. 3.3
-0.12466943879140899,0.018421036057560968,0.15000000000000002,-0.0538785006857505,0.05,Thm. 3.3
-0.12190853819840608,0.017957960432374204,0.16,-0.0508357060737593,0.05,Thm. 3.3
-0.11578809322777962,0.017639489818841284,0.17,-0.0482148083515651,0.05,Thm. 3.3
-0.10955816403862227,0.017262132759947563,0.18000000000000002,-0.0454505850968017,0.05,Thm. 3.3
-0.10482498619231383,0.017179334982043732,0.19,-0.0428421492424163,0.05,Thm. 3.3
-0.10350247979355416,0.016775888676279355,0.2,-0.0402001331491328,0.05,Thm. 3.3
-0.10284860976788818,0.01634408853346508,0.21000000000000002,-0.0380874806292548,0.05,Thm. 3.3
-0.1017111606042963,0.016138877454045356,0.22,-0.0358827021197662,0.05,Thm. 3.3
-0.10060317352160449,0.01567005850528565,0.23,-0.0336945927209756,0.05,Thm. 3.3
-0.09979087963429763,0.015374005077062667,0.24000000000000002,-0.0317258305957437,0.05,Thm. 3.3
-0.09899238547398889,0.015004471065426295,0.25,-0.0295135119675147,0.05,Thm. 3.3
-0.0983713006533598,0.014583096776876173,0.26,-0.0273525482908853,0.05,Thm. 3.3
-0.0977237022478199,0.014236911418331203,0.27,-0.0253098139039792,0.05,Thm. 3.3
-0.09726542604347128,0.013976378111179244,0.28,-0.0232218430110766,0.05,Thm. 3.3
-0.09680732714442275,0.01374297555251768,0.29000000000000004,-0.0210997205037587,0.05,Thm. 3.3
-0.09598410113832309,0.013416986488873689,0.3,-0.0191583657172826,0.05,Thm. 3.3
-0.09503638135626882,0.013217741971563066,0.31,-0.0171890100192103,0.05,Thm. 3.3
-0.09445734293707973,0.013011873917452949,0.32,-0.0152691725289197,0.05,Thm. 3.3
-0.09432230779954734,0.0127515956752332,0.33,-0.0134024291183324,0.05,Thm. 3.3
-0.09317303567132112,0.012553403910601196,0.34,-0.0114285235149053,0.05,Thm. 3.3
-0.09222023995664441,0.012311615338896917,0.35000000000000003,-0.00939991008904572,0.05,Thm. 3.3
-0.09167579307984945,0.012092168998238069,0.36000000000000004,-0.0076561998542904,0.05,Thm. 3.3
-0.09120227361192004,0.011876649009245059,0.37,-0.00598166957039145,0.05,Thm. 3.3
-0.0910717188639446,0.011681194202101952,0.38,-0.00411343286868992,0.05,Thm. 3.3
-0.09102881743495844,0.011448381443388379,0.39,-0.00248770086440134,0.05,Thm. 3.3
-0.09076597765047,0.011238068892222956,0.4,-8.1413454074129e-4,0.05,Thm. 3.3
-0.0904124918465079,0.011034759046072045,0.41000000000000003,0.00102889039940083,0.05,Thm. 3.3
-0.09014134958540748,0.010891098099313812,0.42000000000000004,0.0027742220592667,0.05,Thm. 3.3
-0.0899645553069203,0.01071094590862538,0.43,0.00446843332540436,0.05,Thm. 3.3
-0.08976425030158394,0.01052238179201445,0.44,0.00608316167934368,0.05,Thm. 3.3
-0.0895010311555092,0.010341955170208392,0.45,0.00774134364654245,0.05,Thm. 3.3
-0.08915280838916628,0.01018400016554946,0.46,0.00946513887054475,0.05,Thm. 3.3
-0.08877347370546863,0.010016315821580921,0.47000000000000003,0.0109087144790638,0.05,Thm. 3.3
-0.08845100451385751,0.009856634440582893,0.48000000000000004,0.0126625765436932,0.05,Thm. 3.3
-0.0881239143226023,0.00969874939864646,0.49,0.0143744875834856,0.05,Thm. 3.3
-0.08784344097047417,0.009546581477411184,0.5,0.0161354952691527,0.05,Thm. 3.3
-0.08757692101118579,0.009395528554653233,0.51,0.0175110195952148,0.05,Thm. 3.3
-0.08702873545511534,0.00924904303038324,0.52,0.019266737689893,0.05,Thm. 3.3
-0.08617281920757863,0.009101473710881765,0.53,0.0210108048037149,0.05,Thm. 3.3
-0.08560326067675716,0.008955762553622165,0.54,0.0226587895938807,0.05,Thm. 3.3
-0.08349013612122755,0.008809062624110133,0.55,0.0241609339480281,0.05,Thm. 3.3
-0.08032749303525474,0.008661405495291735,0.56,0.0258900813288222,0.05,Thm. 3.3
-0.07887861102527159,0.008522524594567803,0.5700000000000001,0.0274953101573246,0.05,Thm. 3.3
-0.07778483168034615,0.008380089922294394,0.5800000000000001,0.0290331038537098,0.05,Thm. 3.3
-0.07658706502305297,0.008230819491260642,0.59,0.0306304355471761,0.05,Thm. 3.3
-0.0758862165670848,0.008086672845089168,0.6,0.0322538315748365,0.05,Thm. 3.3
-0.07549134025982278,0.007930029109786274,0.61,0.033654220740701,0.05,Thm. 3.3
-0.07516369295484927,0.007796934862416652,0.62,0.0352646520894464,0.05,Thm. 3.3
-0.07478500875908292,0.007644623124518709,0.63,0.0369036861524285,0.05,Thm. 3.3
-0.07451888057044088,0.007510256514098535,0.64,0.0385346183260235,0.05,Thm. 3.3
-0.07431553835955163,0.007369121681564013,0.65,0.0399641434503182,0.05,Thm. 3.3
-0.07370077128347192,0.0072316899482408326,0.66,0.0416882911899478,0.05,Thm. 3.3
-0.07330983987541972,0.007099485451869543,0.67,0.0432628237117656,0.05,Thm. 3.3
-0.07235640191541585,0.006964133346032321,0.68,0.0448734080904057,0.05,Thm. 3.3
-0.07218410901598135,0.006800937682724352,0.6900000000000001,0.0466195495674837,0.05,Thm. 3.3
-0.07198417567977167,0.006663022662403426,0.7000000000000001,0.0482153565313621,0.05,Thm. 3.3
-0.07187046234571921,0.00655889133509338,0.7100000000000001,0.0500282929707532,0.05,Thm. 3.3
-0.07168746566228115,0.006407690698134363,0.72,0.0517462769323315,0.05,Thm. 3.3
-0.0713790837486516,0.0062953277039093855,0.73,0.0535356330519602,0.05,Thm. 3.3
-0.0709342409248943,0.0061675778660793285,0.74,0.0555641162794511,0.05,Thm. 3.3
-0.07052089346083101,0.006067728186841491,0.75,0.0572622331679653,0.05,Thm. 3.3
-0.07010534335075148,0.005939693316891306,0.76,0.0593252275017543,0.05,Thm. 3.3
-0.06875976657169881,0.005765662145217828,0.77,0.0613502806077543,0.05,Thm. 3.3
-0.06864238816668108,0.005654943809280824,0.78,0.0630490827385418,0.05,Thm. 3.3
-0.06799475439565787,0.005480397898738142,0.79,0.0650686766716521,0.05,Thm. 3.3
-0.06776540110977765,0.005304650289673398,0.8,0.0671956621563697,0.05,Thm. 3.3
-0.0674574082059029,0.00513858214771039,0.81,0.0693602874923737,0.05,Thm. 3.3
-0.06512125844932339,0.004964378876847523,0.8200000000000001,0.071791437378169,0.05,Thm. 3.3
-0.0639210211752252,0.004850588608866805,0.8300000000000001,0.0740266985061756,0.05,Thm. 3.3
-0.0632445164519908,0.004704673060114101,0.8400000000000001,0.0763480621188753,0.05,Thm. 3.3
-0.0630640046088787,0.004488115566456429,0.85,0.0785693978140113,0.05,Thm. 3.3
-0.0627362951939277,0.004367983454893912,0.86,0.081040078581188,0.05,Thm. 3.3
-0.062175401374301414,0.004198428708748783,0.87,0.0841376517814535,0.05,Thm. 3.3
-0.06178452359571135,0.004097363399684848,0.88,0.0870105872296962,0.05,Thm. 3.3
-0.06137007136165708,0.003972571464337383,0.89,0.0903416025066373,0.05,Thm. 3.3
-0.06114982851675579,0.0037852734649327347,0.9,0.0936862109519653,0.05,Thm. 3.3
-0.06100957699077507,0.0036214660801516013,0.91,0.097780753302068,0.05,Thm. 3.3
-0.06080288513839448,0.0034354565483793046,0.92,0.102465705118299,0.05,Thm. 3.3
-0.058807455120110444,0.003187754906974763,0.93,0.10789282682276,0.05,Thm. 3.3
-0.0575188525422758,0.002997602208949933,0.9400000000000001,0.113259868860724,0.05,Thm. 3.3
-0.056249253229493784,0.00273999937814333,0.9500000000000001,0.118666122455913,0.05,Thm. 3.3
-0.05549821873665367,0.002448323522110407,0.9600000000000001,0.125691397993915,0.05,Thm. 3.3
-0.05306243152924427,0.0020556036639065574,0.97,0.134475275456406,0.05,Thm. 3.3
-0.051257495496314844,0.0014540676969313387,0.98,0.147178486540326,0.05,Thm. 3.3
-0.05066429917676338,9.910797746857506e-4,0.99,0.166711078547926,0.05,Thm. 3.3
-0,0,1,0.245391542981891,0.05,Thm. 3.3
-0.19087971954971472,0.07668805075384544,0.01,-0.140279775813065,0.1,Thm. 3.3
-0.18721614408963955,0.04755762771926757,0.02,-0.123176223229797,0.1,Thm. 3.3
-0.1862856479869018,0.04099357091011103,0.03,-0.11270478824176,0.1,Thm. 3.3
-0.18586568590008645,0.03983228789885399,0.04,-0.103589102951661,0.1,Thm. 3.3
-0.18548911766081919,0.03391337832104044,0.05,-0.0953757044243767,0.1,Thm. 3.3
-0.1846778860522856,0.03064445044675139,0.060000000000000005,-0.0890683384848242,0.1,Thm. 3.3
-0.1837309232192621,0.027275922351381657,0.06999999999999999,-0.0839897716485562,0.1,Thm. 3.3
-0.18263454170966656,0.02584052390034438,0.08,-0.0790581636306294,0.1,Thm. 3.3
-0.18180215339024314,0.024246989169277377,0.09,-0.0743906068022217,0.1,Thm. 3.3
-0.18096844331418982,0.022646197885579217,0.09999999999999999,-0.0702656979410522,0.1,Thm. 3.3
-0.18013461059208116,0.021716725526845934,0.11,-0.0665376673147263,0.1,Thm. 3.3
-0.17900156483409846,0.02071831992946776,0.12,-0.0631406628603895,0.1,Thm. 3.3
-0.17825253263800625,0.01984777047407543,0.13,-0.0599636870275124,0.1,Thm. 3.3
-0.17678511577860423,0.018884466507346154,0.14,-0.0566527754317791,0.1,Thm. 3.3
-0.174669438791409,0.018421036057560968,0.15000000000000002,-0.0538785006857505,0.1,Thm. 3.3
-0.1719085381984061,0.017957960432374204,0.16,-0.0508357060737593,0.1,Thm. 3.3
-0.16578809322777965,0.017639489818841284,0.17,-0.0482148083515651,0.1,Thm. 3.3
-0.15955816403862227,0.017262132759947563,0.18000000000000002,-0.0454505850968017,0.1,Thm. 3.3
-0.15482498619231383,0.017179334982043732,0.19,-0.0428421492424163,0.1,Thm. 3.3
-0.15350247979355416,0.016775888676279355,0.2,-0.0402001331491328,0.1,Thm. 3.3
-0.1528486097678882,0.01634408853346508,0.21000000000000002,-0.0380874806292548,0.1,Thm. 3.3
-0.15171116060429632,0.016138877454045356,0.22,-0.0358827021197662,0.1,Thm. 3.3
-0.15060317352160446,0.01567005850528565,0.23,-0.0336945927209756,0.1,Thm. 3.3
-0.14979087963429763,0.015374005077062667,0.24000000000000002,-0.0317258305957437,0.1,Thm. 3.3
-0.14899238547398894,0.015004471065426295,0.25,-0.0295135119675147,0.1,Thm. 3.3
-0.1483713006533598,0.014583096776876173,0.26,-0.0273525482908853,0.1,Thm. 3.3
-0.1477237022478199,0.014236911418331203,0.27,-0.0253098139039792,0.1,Thm. 3.3
-0.1472654260434713,0.013976378111179244,0.28,-0.0232218430110766,0.1,Thm. 3.3
-0.14680732714442277,0.01374297555251768,0.29000000000000004,-0.0210997205037587,0.1,Thm. 3.3
-0.1459841011383231,0.013416986488873689,0.3,-0.0191583657172826,0.1,Thm. 3.3
-0.1450363813562688,0.013217741971563066,0.31,-0.0171890100192103,0.1,Thm. 3.3
-0.14445734293707974,0.013011873917452949,0.32,-0.0152691725289197,0.1,Thm. 3.3
-0.14432230779954736,0.0127515956752332,0.33,-0.0134024291183324,0.1,Thm. 3.3
-0.14317303567132114,0.012553403910601196,0.34,-0.0114285235149053,0.1,Thm. 3.3
-0.1422202399566444,0.012311615338896917,0.35000000000000003,-0.00939991008904572,0.1,Thm. 3.3
-0.14167579307984945,0.012092168998238069,0.36000000000000004,-0.0076561998542904,0.1,Thm. 3.3
-0.14120227361192006,0.011876649009245059,0.37,-0.00598166957039145,0.1,Thm. 3.3
-0.14107171886394462,0.011681194202101952,0.38,-0.00411343286868992,0.1,Thm. 3.3
-0.14102881743495846,0.011448381443388379,0.39,-0.00248770086440134,0.1,Thm. 3.3
-0.14076597765047,0.011238068892222956,0.4,-8.1413454074129e-4,0.1,Thm. 3.3
-0.14041249184650795,0.011034759046072045,0.41000000000000003,0.00102889039940083,0.1,Thm. 3.3
-0.14014134958540747,0.010891098099313812,0.42000000000000004,0.0027742220592667,0.1,Thm. 3.3
-0.13996455530692029,0.01071094590862538,0.43,0.00446843332540436,0.1,Thm. 3.3
-0.13976425030158393,0.01052238179201445,0.44,0.00608316167934368,0.1,Thm. 3.3
-0.1395010311555092,0.010341955170208392,0.45,0.00774134364654245,0.1,Thm. 3.3
-0.13915280838916627,0.01018400016554946,0.46,0.00946513887054475,0.1,Thm. 3.3
-0.13877347370546864,0.010016315821580921,0.47000000000000003,0.0109087144790638,0.1,Thm. 3.3
-0.1384510045138575,0.009856634440582893,0.48000000000000004,0.0126625765436932,0.1,Thm. 3.3
-0.1381239143226023,0.00969874939864646,0.49,0.0143744875834856,0.1,Thm. 3.3
-0.13784344097047416,0.009546581477411184,0.5,0.0161354952691527,0.1,Thm. 3.3
-0.1375769210111858,0.009395528554653233,0.51,0.0175110195952148,0.1,Thm. 3.3
-0.1370287354551154,0.00924904303038324,0.52,0.019266737689893,0.1,Thm. 3.3
-0.13617281920757862,0.009101473710881765,0.53,0.0210108048037149,0.1,Thm. 3.3
-0.13560326067675715,0.008955762553622165,0.54,0.0226587895938807,0.1,Thm. 3.3
-0.13349013612122754,0.008809062624110133,0.55,0.0241609339480281,0.1,Thm. 3.3
-0.1303274930352547,0.008661405495291735,0.56,0.0258900813288222,0.1,Thm. 3.3
-0.1288786110252716,0.008522524594567803,0.5700000000000001,0.0274953101573246,0.1,Thm. 3.3
-0.12778483168034616,0.008380089922294394,0.5800000000000001,0.0290331038537098,0.1,Thm. 3.3
-0.12658706502305297,0.008230819491260642,0.59,0.0306304355471761,0.1,Thm. 3.3
-0.12588621656708482,0.008086672845089168,0.6,0.0322538315748365,0.1,Thm. 3.3
-0.1254913402598228,0.007930029109786274,0.61,0.033654220740701,0.1,Thm. 3.3
-0.12516369295484928,0.007796934862416652,0.62,0.0352646520894464,0.1,Thm. 3.3
-0.12478500875908294,0.007644623124518709,0.63,0.0369036861524285,0.1,Thm. 3.3
-0.12451888057044089,0.007510256514098535,0.64,0.0385346183260235,0.1,Thm. 3.3
-0.12431553835955164,0.007369121681564013,0.65,0.0399641434503182,0.1,Thm. 3.3
-0.12370077128347193,0.0072316899482408326,0.66,0.0416882911899478,0.1,Thm. 3.3
-0.1233098398754197,0.007099485451869543,0.67,0.0432628237117656,0.1,Thm. 3.3
-0.12235640191541586,0.006964133346032321,0.68,0.0448734080904057,0.1,Thm. 3.3
-0.12218410901598135,0.006800937682724352,0.6900000000000001,0.0466195495674837,0.1,Thm. 3.3
-0.12198417567977167,0.006663022662403426,0.7000000000000001,0.0482153565313621,0.1,Thm. 3.3
-0.12187046234571922,0.00655889133509338,0.7100000000000001,0.0500282929707532,0.1,Thm. 3.3
-0.12168746566228114,0.006407690698134363,0.72,0.0517462769323315,0.1,Thm. 3.3
-0.12137908374865158,0.0062953277039093855,0.73,0.0535356330519602,0.1,Thm. 3.3
-0.1209342409248943,0.0061675778660793285,0.74,0.0555641162794511,0.1,Thm. 3.3
-0.12052089346083103,0.006067728186841491,0.75,0.0572622331679653,0.1,Thm. 3.3
-0.12010534335075146,0.005939693316891306,0.76,0.0593252275017543,0.1,Thm. 3.3
-0.11875976657169882,0.005765662145217828,0.77,0.0613502806077543,0.1,Thm. 3.3
-0.11864238816668107,0.005654943809280824,0.78,0.0630490827385418,0.1,Thm. 3.3
-0.11799475439565787,0.005480397898738142,0.79,0.0650686766716521,0.1,Thm. 3.3
-0.11776540110977765,0.005304650289673398,0.8,0.0671956621563697,0.1,Thm. 3.3
-0.11745740820590289,0.00513858214771039,0.81,0.0693602874923737,0.1,Thm. 3.3
-0.11512125844932339,0.004964378876847523,0.8200000000000001,0.071791437378169,0.1,Thm. 3.3
-0.1139210211752252,0.004850588608866805,0.8300000000000001,0.0740266985061756,0.1,Thm. 3.3
-0.1132445164519908,0.004704673060114101,0.8400000000000001,0.0763480621188753,0.1,Thm. 3.3
-0.11306400460887872,0.004488115566456429,0.85,0.0785693978140113,0.1,Thm. 3.3
-0.11273629519392771,0.004367983454893912,0.86,0.081040078581188,0.1,Thm. 3.3
-0.11217540137430142,0.004198428708748783,0.87,0.0841376517814535,0.1,Thm. 3.3
-0.11178452359571135,0.004097363399684848,0.88,0.0870105872296962,0.1,Thm. 3.3
-0.11137007136165708,0.003972571464337383,0.89,0.0903416025066373,0.1,Thm. 3.3
-0.1111498285167558,0.0037852734649327347,0.9,0.0936862109519653,0.1,Thm. 3.3
-0.11100957699077507,0.0036214660801516013,0.91,0.097780753302068,0.1,Thm. 3.3
-0.1108028851383945,0.0034354565483793046,0.92,0.102465705118299,0.1,Thm. 3.3
-0.10880745512011045,0.003187754906974763,0.93,0.10789282682276,0.1,Thm. 3.3
-0.1075188525422758,0.002997602208949933,0.9400000000000001,0.113259868860724,0.1,Thm. 3.3
-0.10624925322949377,0.00273999937814333,0.9500000000000001,0.118666122455913,0.1,Thm. 3.3
-0.10549821873665366,0.002448323522110407,0.9600000000000001,0.125691397993915,0.1,Thm. 3.3
-0.10306243152924427,0.0020556036639065574,0.97,0.134475275456406,0.1,Thm. 3.3
-0.10125749549631484,0.0014540676969313387,0.98,0.147178486540326,0.1,Thm. 3.3
-0.10021480422726864,9.910797746857506e-4,0.99,0.166711078547926,0.1,Thm. 3.3
-0,0,1,0.245391542981891,0.1,Thm. 3.3
-0.24087971954971474,0.07668805075384544,0.01,-0.140279775813065,0.15,Thm. 3.3
-0.23721614408963954,0.04755762771926757,0.02,-0.123176223229797,0.15,Thm. 3.3
-0.23628564798690188,0.04099357091011103,0.03,-0.11270478824176,0.15,Thm. 3.3
-0.2358656859000865,0.03983228789885399,0.04,-0.103589102951661,0.15,Thm. 3.3
-0.2354891176608192,0.03391337832104044,0.05,-0.0953757044243767,0.15,Thm. 3.3
-0.23467788605228562,0.03064445044675139,0.060000000000000005,-0.0890683384848242,0.15,Thm. 3.3
-0.2337309232192621,0.027275922351381657,0.06999999999999999,-0.0839897716485562,0.15,Thm. 3.3
-0.23263454170966658,0.02584052390034438,0.08,-0.0790581636306294,0.15,Thm. 3.3
-0.23180215339024313,0.024246989169277377,0.09,-0.0743906068022217,0.15,Thm. 3.3
-0.23096844331418978,0.022646197885579217,0.09999999999999999,-0.0702656979410522,0.15,Thm. 3.3
-0.23013461059208118,0.021716725526845934,0.11,-0.0665376673147263,0.15,Thm. 3.3
-0.22900156483409845,0.02071831992946776,0.12,-0.0631406628603895,0.15,Thm. 3.3
-0.22825253263800624,0.01984777047407543,0.13,-0.0599636870275124,0.15,Thm. 3.3
-0.22678511577860427,0.018884466507346154,0.14,-0.0566527754317791,0.15,Thm. 3.3
-0.224669438791409,0.018421036057560968,0.15000000000000002,-0.0538785006857505,0.15,Thm. 3.3
-0.2219085381984061,0.017957960432374204,0.16,-0.0508357060737593,0.15,Thm. 3.3
-0.21578809322777964,0.017639489818841284,0.17,-0.0482148083515651,0.15,Thm. 3.3
-0.2095581640386223,0.017262132759947563,0.18000000000000002,-0.0454505850968017,0.15,Thm. 3.3
-0.20482498619231385,0.017179334982043732,0.19,-0.0428421492424163,0.15,Thm. 3.3
-0.20350247979355418,0.016775888676279355,0.2,-0.0402001331491328,0.15,Thm. 3.3
-0.2028486097678882,0.01634408853346508,0.21000000000000002,-0.0380874806292548,0.15,Thm. 3.3
-0.20171116060429634,0.016138877454045356,0.22,-0.0358827021197662,0.15,Thm. 3.3
-0.2006031735216045,0.01567005850528565,0.23,-0.0336945927209756,0.15,Thm. 3.3
-0.19979087963429765,0.015374005077062667,0.24000000000000002,-0.0317258305957437,0.15,Thm. 3.3
-0.19899238547398893,0.015004471065426295,0.25,-0.0295135119675147,0.15,Thm. 3.3
-0.19837130065335984,0.014583096776876173,0.26,-0.0273525482908853,0.15,Thm. 3.3
-0.19772370224781993,0.014236911418331203,0.27,-0.0253098139039792,0.15,Thm. 3.3
-0.1972654260434713,0.013976378111179244,0.28,-0.0232218430110766,0.15,Thm. 3.3
-0.19680732714442278,0.01374297555251768,0.29000000000000004,-0.0210997205037587,0.15,Thm. 3.3
-0.1959841011383231,0.013416986488873689,0.3,-0.0191583657172826,0.15,Thm. 3.3
-0.19503638135626883,0.013217741971563066,0.31,-0.0171890100192103,0.15,Thm. 3.3
-0.19445734293707975,0.013011873917452949,0.32,-0.0152691725289197,0.15,Thm. 3.3
-0.19432230779954737,0.0127515956752332,0.33,-0.0134024291183324,0.15,Thm. 3.3
-0.19317303567132116,0.012553403910601196,0.34,-0.0114285235149053,0.15,Thm. 3.3
-0.19222023995664445,0.012311615338896917,0.35000000000000003,-0.00939991008904572,0.15,Thm. 3.3
-0.19167579307984947,0.012092168998238069,0.36000000000000004,-0.0076561998542904,0.15,Thm. 3.3
-0.19120227361192005,0.011876649009245059,0.37,-0.00598166957039145,0.15,Thm. 3.3
-0.19107171886394464,0.011681194202101952,0.38,-0.00411343286868992,0.15,Thm. 3.3
-0.19102881743495848,0.011448381443388379,0.39,-0.00248770086440134,0.15,Thm. 3.3
-0.19076597765047001,0.011238068892222956,0.4,-8.1413454074129e-4,0.15,Thm. 3.3
-0.19041249184650796,0.011034759046072045,0.41000000000000003,0.00102889039940083,0.15,Thm. 3.3
-0.1901413495854075,0.010891098099313812,0.42000000000000004,0.0027742220592667,0.15,Thm. 3.3
-0.1899645553069203,0.01071094590862538,0.43,0.00446843332540436,0.15,Thm. 3.3
-0.18976425030158395,0.01052238179201445,0.44,0.00608316167934368,0.15,Thm. 3.3
-0.1895010311555092,0.010341955170208392,0.45,0.00774134364654245,0.15,Thm. 3.3
-0.18915280838916632,0.01018400016554946,0.46,0.00946513887054475,0.15,Thm. 3.3
-0.18877347370546865,0.010016315821580921,0.47000000000000003,0.0109087144790638,0.15,Thm. 3.3
-0.18845100451385755,0.009856634440582893,0.48000000000000004,0.0126625765436932,0.15,Thm. 3.3
-0.1881239143226023,0.00969874939864646,0.49,0.0143744875834856,0.15,Thm. 3.3
-0.1878434409704742,0.009546581477411184,0.5,0.0161354952691527,0.15,Thm. 3.3
-0.18757692101118584,0.009395528554653233,0.51,0.0175110195952148,0.15,Thm. 3.3
-0.18702873545511536,0.00924904303038324,0.52,0.019266737689893,0.15,Thm. 3.3
-0.18617281920757867,0.009101473710881765,0.53,0.0210108048037149,0.15,Thm. 3.3
-0.1856032606767572,0.008955762553622165,0.54,0.0226587895938807,0.15,Thm. 3.3
-0.18349013612122755,0.008809062624110133,0.55,0.0241609339480281,0.15,Thm. 3.3
-0.18032749303525472,0.008661405495291735,0.56,0.0258900813288222,0.15,Thm. 3.3
-0.1788786110252716,0.008522524594567803,0.5700000000000001,0.0274953101573246,0.15,Thm. 3.3
-0.17778483168034617,0.008380089922294394,0.5800000000000001,0.0290331038537098,0.15,Thm. 3.3
-0.176587065023053,0.008230819491260642,0.59,0.0306304355471761,0.15,Thm. 3.3
-0.17588621656708484,0.008086672845089168,0.6,0.0322538315748365,0.15,Thm. 3.3
-0.17549134025982283,0.007930029109786274,0.61,0.033654220740701,0.15,Thm. 3.3
-0.17516369295484926,0.007796934862416652,0.62,0.0352646520894464,0.15,Thm. 3.3
-0.17478500875908295,0.007644623124518709,0.63,0.0369036861524285,0.15,Thm. 3.3
-0.1745188805704409,0.007510256514098535,0.64,0.0385346183260235,0.15,Thm. 3.3
-0.17431553835955166,0.007369121681564013,0.65,0.0399641434503182,0.15,Thm. 3.3
-0.17370077128347194,0.0072316899482408326,0.66,0.0416882911899478,0.15,Thm. 3.3
-0.17330983987541973,0.007099485451869543,0.67,0.0432628237117656,0.15,Thm. 3.3
-0.17235640191541587,0.006964133346032321,0.68,0.0448734080904057,0.15,Thm. 3.3
-0.17218410901598136,0.006800937682724352,0.6900000000000001,0.0466195495674837,0.15,Thm. 3.3
-0.1719841756797717,0.006663022662403426,0.7000000000000001,0.0482153565313621,0.15,Thm. 3.3
-0.17187046234571923,0.00655889133509338,0.7100000000000001,0.0500282929707532,0.15,Thm. 3.3
-0.17168746566228116,0.006407690698134363,0.72,0.0517462769323315,0.15,Thm. 3.3
-0.1713790837486516,0.0062953277039093855,0.73,0.0535356330519602,0.15,Thm. 3.3
-0.17093424092489434,0.0061675778660793285,0.74,0.0555641162794511,0.15,Thm. 3.3
-0.17052089346083105,0.006067728186841491,0.75,0.0572622331679653,0.15,Thm. 3.3
-0.1701053433507515,0.005939693316891306,0.76,0.0593252275017543,0.15,Thm. 3.3
-0.16875976657169883,0.005765662145217828,0.77,0.0613502806077543,0.15,Thm. 3.3
-0.1686423881666811,0.005654943809280824,0.78,0.0630490827385418,0.15,Thm. 3.3
-0.1679947543956579,0.005480397898738142,0.79,0.0650686766716521,0.15,Thm. 3.3
-0.1677654011097777,0.005304650289673398,0.8,0.0671956621563697,0.15,Thm. 3.3
-0.1674574082059029,0.00513858214771039,0.81,0.0693602874923737,0.15,Thm. 3.3
-0.16512125844932343,0.004964378876847523,0.8200000000000001,0.071791437378169,0.15,Thm. 3.3
-0.16392102117522522,0.004850588608866805,0.8300000000000001,0.0740266985061756,0.15,Thm. 3.3
-0.16324451645199084,0.004704673060114101,0.8400000000000001,0.0763480621188753,0.15,Thm. 3.3
-0.16306400460887874,0.004488115566456429,0.85,0.0785693978140113,0.15,Thm. 3.3
-0.16273629519392774,0.004367983454893912,0.86,0.081040078581188,0.15,Thm. 3.3
-0.16217540137430145,0.004198428708748783,0.87,0.0841376517814535,0.15,Thm. 3.3
-0.16178452359571138,0.004097363399684848,0.88,0.0870105872296962,0.15,Thm. 3.3
-0.1613700713616571,0.003972571464337383,0.89,0.0903416025066373,0.15,Thm. 3.3
-0.1611498285167558,0.0037852734649327347,0.9,0.0936862109519653,0.15,Thm. 3.3
-0.1610095769907751,0.0036214660801516013,0.91,0.097780753302068,0.15,Thm. 3.3
-0.1608028851383945,0.0034354565483793046,0.92,0.102465705118299,0.15,Thm. 3.3
-0.15880745512011046,0.003187754906974763,0.93,0.10789282682276,0.15,Thm. 3.3
-0.15751885254227582,0.002997602208949933,0.9400000000000001,0.113259868860724,0.15,Thm. 3.3
-0.1562492532294938,0.00273999937814333,0.9500000000000001,0.118666122455913,0.15,Thm. 3.3
-0.1554982187366537,0.002448323522110407,0.9600000000000001,0.125691397993915,0.15,Thm. 3.3
-0.15306243152924429,0.0020556036639065574,0.97,0.134475275456406,0.15,Thm. 3.3
-0.15125749549631484,0.0014540676969313387,0.98,0.147178486540326,0.15,Thm. 3.3
-0.1497653092777739,9.910797746857506e-4,0.99,0.166711078547926,0.15,Thm. 3.3
-0,0,1,0.245391542981891,0.15,Thm. 3.3
-0.2908797195497147,0.07668805075384544,0.01,-0.140279775813065,0.2,Thm. 3.3
-0.2872161440896396,0.04755762771926757,0.02,-0.123176223229797,0.2,Thm. 3.3
-0.2862856479869018,0.04099357091011103,0.03,-0.11270478824176,0.2,Thm. 3.3
-0.28586568590008643,0.03983228789885399,0.04,-0.103589102951661,0.2,Thm. 3.3
-0.2854891176608192,0.03391337832104044,0.05,-0.0953757044243767,0.2,Thm. 3.3
-0.2846778860522856,0.03064445044675139,0.060000000000000005,-0.0890683384848242,0.2,Thm. 3.3
-0.28373092321926213,0.027275922351381657,0.06999999999999999,-0.0839897716485562,0.2,Thm. 3.3
-0.28263454170966656,0.02584052390034438,0.08,-0.0790581636306294,0.2,Thm. 3.3
-0.2818021533902431,0.024246989169277377,0.09,-0.0743906068022217,0.2,Thm. 3.3
-0.2809684433141898,0.022646197885579217,0.09999999999999999,-0.0702656979410522,0.2,Thm. 3.3
-0.28013461059208117,0.021716725526845934,0.11,-0.0665376673147263,0.2,Thm. 3.3
-0.27900156483409844,0.02071831992946776,0.12,-0.0631406628603895,0.2,Thm. 3.3
-0.27825253263800626,0.01984777047407543,0.13,-0.0599636870275124,0.2,Thm. 3.3
-0.2767851157786042,0.018884466507346154,0.14,-0.0566527754317791,0.2,Thm. 3.3
-0.27466943879140904,0.018421036057560968,0.15000000000000002,-0.0538785006857505,0.2,Thm. 3.3
-0.2719085381984061,0.017957960432374204,0.16,-0.0508357060737593,0.2,Thm. 3.3
-0.26578809322777963,0.017639489818841284,0.17,-0.0482148083515651,0.2,Thm. 3.3
-0.2595581640386223,0.017262132759947563,0.18000000000000002,-0.0454505850968017,0.2,Thm. 3.3
-0.25482498619231386,0.017179334982043732,0.19,-0.0428421492424163,0.2,Thm. 3.3
-0.25350247979355417,0.016775888676279355,0.2,-0.0402001331491328,0.2,Thm. 3.3
-0.25284860976788814,0.01634408853346508,0.21000000000000002,-0.0380874806292548,0.2,Thm. 3.3
-0.2517111606042963,0.016138877454045356,0.22,-0.0358827021197662,0.2,Thm. 3.3
-0.2506031735216045,0.01567005850528565,0.23,-0.0336945927209756,0.2,Thm. 3.3
-0.24979087963429764,0.015374005077062667,0.24000000000000002,-0.0317258305957437,0.2,Thm. 3.3
-0.24899238547398891,0.015004471065426295,0.25,-0.0295135119675147,0.2,Thm. 3.3
-0.24837130065335983,0.014583096776876173,0.26,-0.0273525482908853,0.2,Thm. 3.3
-0.24772370224781992,0.014236911418331203,0.27,-0.0253098139039792,0.2,Thm. 3.3
-0.2472654260434713,0.013976378111179244,0.28,-0.0232218430110766,0.2,Thm. 3.3
-0.24680732714442277,0.01374297555251768,0.29000000000000004,-0.0210997205037587,0.2,Thm. 3.3
-0.2459841011383231,0.013416986488873689,0.3,-0.0191583657172826,0.2,Thm. 3.3
-0.24503638135626882,0.013217741971563066,0.31,-0.0171890100192103,0.2,Thm. 3.3
-0.24445734293707974,0.013011873917452949,0.32,-0.0152691725289197,0.2,Thm. 3.3
-0.24432230779954736,0.0127515956752332,0.33,-0.0134024291183324,0.2,Thm. 3.3
-0.24317303567132115,0.012553403910601196,0.34,-0.0114285235149053,0.2,Thm. 3.3
-0.2422202399566444,0.012311615338896917,0.35000000000000003,-0.00939991008904572,0.2,Thm. 3.3
-0.24167579307984943,0.012092168998238069,0.36000000000000004,-0.0076561998542904,0.2,Thm. 3.3
-0.24120227361192006,0.011876649009245059,0.37,-0.00598166957039145,0.2,Thm. 3.3
-0.2410717188639446,0.011681194202101952,0.38,-0.00411343286868992,0.2,Thm. 3.3
-0.24102881743495846,0.011448381443388379,0.39,-0.00248770086440134,0.2,Thm. 3.3
-0.24076597765047,0.011238068892222956,0.4,-8.1413454074129e-4,0.2,Thm. 3.3
-0.24041249184650795,0.011034759046072045,0.41000000000000003,0.00102889039940083,0.2,Thm. 3.3
-0.24014134958540748,0.010891098099313812,0.42000000000000004,0.0027742220592667,0.2,Thm. 3.3
-0.2399645553069203,0.01071094590862538,0.43,0.00446843332540436,0.2,Thm. 3.3
-0.23976425030158394,0.01052238179201445,0.44,0.00608316167934368,0.2,Thm. 3.3
-0.2395010311555092,0.010341955170208392,0.45,0.00774134364654245,0.2,Thm. 3.3
-0.23915280838916628,0.01018400016554946,0.46,0.00946513887054475,0.2,Thm. 3.3
-0.23877347370546864,0.010016315821580921,0.47000000000000003,0.0109087144790638,0.2,Thm. 3.3
-0.2384510045138575,0.009856634440582893,0.48000000000000004,0.0126625765436932,0.2,Thm. 3.3
-0.23812391432260233,0.00969874939864646,0.49,0.0143744875834856,0.2,Thm. 3.3
-0.23784344097047422,0.009546581477411184,0.5,0.0161354952691527,0.2,Thm. 3.3
-0.23757692101118583,0.009395528554653233,0.51,0.0175110195952148,0.2,Thm. 3.3
-0.23702873545511535,0.00924904303038324,0.52,0.019266737689893,0.2,Thm. 3.3
-0.23617281920757865,0.009101473710881765,0.53,0.0210108048037149,0.2,Thm. 3.3
-0.23560326067675716,0.008955762553622165,0.54,0.0226587895938807,0.2,Thm. 3.3
-0.23349013612122754,0.008809062624110133,0.55,0.0241609339480281,0.2,Thm. 3.3
-0.23032749303525474,0.008661405495291735,0.56,0.0258900813288222,0.2,Thm. 3.3
-0.22887861102527163,0.008522524594567803,0.5700000000000001,0.0274953101573246,0.2,Thm. 3.3
-0.2277848316803462,0.008380089922294394,0.5800000000000001,0.0290331038537098,0.2,Thm. 3.3
-0.22658706502305298,0.008230819491260642,0.59,0.0306304355471761,0.2,Thm. 3.3
-0.2258862165670848,0.008086672845089168,0.6,0.0322538315748365,0.2,Thm. 3.3
-0.22549134025982281,0.007930029109786274,0.61,0.033654220740701,0.2,Thm. 3.3
-0.22516369295484928,0.007796934862416652,0.62,0.0352646520894464,0.2,Thm. 3.3
-0.22478500875908297,0.007644623124518709,0.63,0.0369036861524285,0.2,Thm. 3.3
-0.2245188805704409,0.007510256514098535,0.64,0.0385346183260235,0.2,Thm. 3.3
-0.22431553835955165,0.007369121681564013,0.65,0.0399641434503182,0.2,Thm. 3.3
-0.22370077128347193,0.0072316899482408326,0.66,0.0416882911899478,0.2,Thm. 3.3
-0.22330983987541972,0.007099485451869543,0.67,0.0432628237117656,0.2,Thm. 3.3
-0.22235640191541586,0.006964133346032321,0.68,0.0448734080904057,0.2,Thm. 3.3
-0.22218410901598135,0.006800937682724352,0.6900000000000001,0.0466195495674837,0.2,Thm. 3.3
-0.2219841756797717,0.006663022662403426,0.7000000000000001,0.0482153565313621,0.2,Thm. 3.3
-0.22187046234571922,0.00655889133509338,0.7100000000000001,0.0500282929707532,0.2,Thm. 3.3
-0.22168746566228115,0.006407690698134363,0.72,0.0517462769323315,0.2,Thm. 3.3
-0.2213790837486516,0.0062953277039093855,0.73,0.0535356330519602,0.2,Thm. 3.3
-0.22093424092489433,0.0061675778660793285,0.74,0.0555641162794511,0.2,Thm. 3.3
-0.22052089346083104,0.006067728186841491,0.75,0.0572622331679653,0.2,Thm. 3.3
-0.2201053433507515,0.005939693316891306,0.76,0.0593252275017543,0.2,Thm. 3.3
-0.21875976657169882,0.005765662145217828,0.77,0.0613502806077543,0.2,Thm. 3.3
-0.21864238816668108,0.005654943809280824,0.78,0.0630490827385418,0.2,Thm. 3.3
-0.21799475439565788,0.005480397898738142,0.79,0.0650686766716521,0.2,Thm. 3.3
-0.21776540110977766,0.005304650289673398,0.8,0.0671956621563697,0.2,Thm. 3.3
-0.2174574082059029,0.00513858214771039,0.81,0.0693602874923737,0.2,Thm. 3.3
-0.2151212584493234,0.004964378876847523,0.8200000000000001,0.071791437378169,0.2,Thm. 3.3
-0.21392102117522524,0.004850588608866805,0.8300000000000001,0.0740266985061756,0.2,Thm. 3.3
-0.21324451645199083,0.004704673060114101,0.8400000000000001,0.0763480621188753,0.2,Thm. 3.3
-0.21306400460887873,0.004488115566456429,0.85,0.0785693978140113,0.2,Thm. 3.3
-0.21273629519392773,0.004367983454893912,0.86,0.081040078581188,0.2,Thm. 3.3
-0.2121754013743014,0.004198428708748783,0.87,0.0841376517814535,0.2,Thm. 3.3
-0.21178452359571137,0.004097363399684848,0.88,0.0870105872296962,0.2,Thm. 3.3
-0.21137007136165709,0.003972571464337383,0.89,0.0903416025066373,0.2,Thm. 3.3
-0.2111498285167558,0.0037852734649327347,0.9,0.0936862109519653,0.2,Thm. 3.3
-0.21100957699077505,0.0036214660801516013,0.91,0.097780753302068,0.2,Thm. 3.3
-0.21080288513839449,0.0034354565483793046,0.92,0.102465705118299,0.2,Thm. 3.3
-0.20880745512011048,0.003187754906974763,0.93,0.10789282682276,0.2,Thm. 3.3
-0.2075188525422758,0.002997602208949933,0.9400000000000001,0.113259868860724,0.2,Thm. 3.3
-0.20624925322949378,0.00273999937814333,0.9500000000000001,0.118666122455913,0.2,Thm. 3.3
-0.2054982187366537,0.002448323522110407,0.9600000000000001,0.125691397993915,0.2,Thm. 3.3
-0.20306243152924427,0.0020556036639065574,0.97,0.134475275456406,0.2,Thm. 3.3
-0.20125749549631483,0.0014540676969313387,0.98,0.147178486540326,0.2,Thm. 3.3
-0.1993158143282792,9.910797746857506e-4,0.99,0.166711078547926,0.2,Thm. 3.3
-0,0,1,0.245391542981891,0.2,Thm. 3.3
-0.3408797195497147,0.07668805075384544,0.01,-0.140279775813065,0.25,Thm. 3.3
-0.33721614408963957,0.04755762771926757,0.02,-0.123176223229797,0.25,Thm. 3.3
-0.3362856479869018,0.04099357091011103,0.03,-0.11270478824176,0.25,Thm. 3.3
-0.3358656859000865,0.03983228789885399,0.04,-0.103589102951661,0.25,Thm. 3.3
-0.3354891176608191,0.03391337832104044,0.05,-0.0953757044243767,0.25,Thm. 3.3
-0.33467788605228566,0.03064445044675139,0.060000000000000005,-0.0890683384848242,0.25,Thm. 3.3
-0.33373092321926207,0.027275922351381657,0.06999999999999999,-0.0839897716485562,0.25,Thm. 3.3
-0.33263454170966655,0.02584052390034438,0.08,-0.0790581636306294,0.25,Thm. 3.3
-0.3318021533902431,0.024246989169277377,0.09,-0.0743906068022217,0.25,Thm. 3.3
-0.3309684433141898,0.022646197885579217,0.09999999999999999,-0.0702656979410522,0.25,Thm. 3.3
-0.33013461059208116,0.021716725526845934,0.11,-0.0665376673147263,0.25,Thm. 3.3
-0.32900156483409837,0.02071831992946776,0.12,-0.0631406628603895,0.25,Thm. 3.3
-0.32825253263800624,0.01984777047407543,0.13,-0.0599636870275124,0.25,Thm. 3.3
-0.32678511577860425,0.018884466507346154,0.14,-0.0566527754317791,0.25,Thm. 3.3
-0.32466943879140897,0.018421036057560968,0.15000000000000002,-0.0538785006857505,0.25,Thm. 3.3
-0.32190853819840604,0.017957960432374204,0.16,-0.0508357060737593,0.25,Thm. 3.3
-0.3157880932277797,0.017639489818841284,0.17,-0.0482148083515651,0.25,Thm. 3.3
-0.3095581640386223,0.017262132759947563,0.18000000000000002,-0.0454505850968017,0.25,Thm. 3.3
-0.30482498619231385,0.017179334982043732,0.19,-0.0428421492424163,0.25,Thm. 3.3
-0.3035024797935541,0.016775888676279355,0.2,-0.0402001331491328,0.25,Thm. 3.3
-0.30284860976788813,0.01634408853346508,0.21000000000000002,-0.0380874806292548,0.25,Thm. 3.3
-0.3017111606042963,0.016138877454045356,0.22,-0.0358827021197662,0.25,Thm. 3.3
-0.3006031735216045,0.01567005850528565,0.23,-0.0336945927209756,0.25,Thm. 3.3
-0.2997908796342976,0.015374005077062667,0.24000000000000002,-0.0317258305957437,0.25,Thm. 3.3
-0.2989923854739889,0.015004471065426295,0.25,-0.0295135119675147,0.25,Thm. 3.3
-0.2983713006533598,0.014583096776876173,0.26,-0.0273525482908853,0.25,Thm. 3.3
-0.29772370224781985,0.014236911418331203,0.27,-0.0253098139039792,0.25,Thm. 3.3
-0.2972654260434713,0.013976378111179244,0.28,-0.0232218430110766,0.25,Thm. 3.3
-0.29680732714442276,0.01374297555251768,0.29000000000000004,-0.0210997205037587,0.25,Thm. 3.3
-0.2959841011383231,0.013416986488873689,0.3,-0.0191583657172826,0.25,Thm. 3.3
-0.29503638135626886,0.013217741971563066,0.31,-0.0171890100192103,0.25,Thm. 3.3
-0.2944573429370798,0.013011873917452949,0.32,-0.0152691725289197,0.25,Thm. 3.3
-0.2943223077995474,0.0127515956752332,0.33,-0.0134024291183324,0.25,Thm. 3.3
-0.29317303567132114,0.012553403910601196,0.34,-0.0114285235149053,0.25,Thm. 3.3
-0.29222023995664437,0.012311615338896917,0.35000000000000003,-0.00939991008904572,0.25,Thm. 3.3
-0.2916757930798495,0.012092168998238069,0.36000000000000004,-0.0076561998542904,0.25,Thm. 3.3
-0.2912022736119201,0.011876649009245059,0.37,-0.00598166957039145,0.25,Thm. 3.3
-0.2910717188639446,0.011681194202101952,0.38,-0.00411343286868992,0.25,Thm. 3.3
-0.29102881743495845,0.011448381443388379,0.39,-0.00248770086440134,0.25,Thm. 3.3
-0.29076597765046996,0.011238068892222956,0.4,-8.1413454074129e-4,0.25,Thm. 3.3
-0.29041249184650797,0.011034759046072045,0.41000000000000003,0.00102889039940083,0.25,Thm. 3.3
-0.2901413495854075,0.010891098099313812,0.42000000000000004,0.0027742220592667,0.25,Thm. 3.3
-0.2899645553069203,0.01071094590862538,0.43,0.00446843332540436,0.25,Thm. 3.3
-0.2897642503015839,0.01052238179201445,0.44,0.00608316167934368,0.25,Thm. 3.3
-0.2895010311555092,0.010341955170208392,0.45,0.00774134364654245,0.25,Thm. 3.3
-0.2891528083891663,0.01018400016554946,0.46,0.00946513887054475,0.25,Thm. 3.3
-0.28877347370546863,0.010016315821580921,0.47000000000000003,0.0109087144790638,0.25,Thm. 3.3
-0.2884510045138575,0.009856634440582893,0.48000000000000004,0.0126625765436932,0.25,Thm. 3.3
-0.28812391432260226,0.00969874939864646,0.49,0.0143744875834856,0.25,Thm. 3.3
-0.2878434409704742,0.009546581477411184,0.5,0.0161354952691527,0.25,Thm. 3.3
-0.28757692101118576,0.009395528554653233,0.51,0.0175110195952148,0.25,Thm. 3.3
-0.28702873545511537,0.00924904303038324,0.52,0.019266737689893,0.25,Thm. 3.3
-0.28617281920757864,0.009101473710881765,0.53,0.0210108048037149,0.25,Thm. 3.3
-0.2856032606767572,0.008955762553622165,0.54,0.0226587895938807,0.25,Thm. 3.3
-0.28349013612122753,0.008809062624110133,0.55,0.0241609339480281,0.25,Thm. 3.3
-0.2803274930352547,0.008661405495291735,0.56,0.0258900813288222,0.25,Thm. 3.3
-0.2788786110252716,0.008522524594567803,0.5700000000000001,0.0274953101573246,0.25,Thm. 3.3
-0.2777848316803462,0.008380089922294394,0.5800000000000001,0.0290331038537098,0.25,Thm. 3.3
-0.27658706502305297,0.008230819491260642,0.59,0.0306304355471761,0.25,Thm. 3.3
-0.2758862165670848,0.008086672845089168,0.6,0.0322538315748365,0.25,Thm. 3.3
-0.27549134025982275,0.007930029109786274,0.61,0.033654220740701,0.25,Thm. 3.3
-0.27516369295484927,0.007796934862416652,0.62,0.0352646520894464,0.25,Thm. 3.3
-0.2747850087590829,0.007644623124518709,0.63,0.0369036861524285,0.25,Thm. 3.3
-0.2745188805704409,0.007510256514098535,0.64,0.0385346183260235,0.25,Thm. 3.3
-0.27431553835955164,0.007369121681564013,0.65,0.0399641434503182,0.25,Thm. 3.3
-0.2737007712834719,0.0072316899482408326,0.66,0.0416882911899478,0.25,Thm. 3.3
-0.27330983987541974,0.007099485451869543,0.67,0.0432628237117656,0.25,Thm. 3.3
-0.2723564019154158,0.006964133346032321,0.68,0.0448734080904057,0.25,Thm. 3.3
-0.27218410901598133,0.006800937682724352,0.6900000000000001,0.0466195495674837,0.25,Thm. 3.3
-0.2719841756797717,0.006663022662403426,0.7000000000000001,0.0482153565313621,0.25,Thm. 3.3
-0.2718704623457192,0.00655889133509338,0.7100000000000001,0.0500282929707532,0.25,Thm. 3.3
-0.2716874656622812,0.006407690698134363,0.72,0.0517462769323315,0.25,Thm. 3.3
-0.2713790837486516,0.0062953277039093855,0.73,0.0535356330519602,0.25,Thm. 3.3
-0.27093424092489427,0.0061675778660793285,0.74,0.0555641162794511,0.25,Thm. 3.3
-0.270520893460831,0.006067728186841491,0.75,0.0572622331679653,0.25,Thm. 3.3
-0.2701053433507515,0.005939693316891306,0.76,0.0593252275017543,0.25,Thm. 3.3
-0.2687597665716988,0.005765662145217828,0.77,0.0613502806077543,0.25,Thm. 3.3
-0.26864238816668107,0.005654943809280824,0.78,0.0630490827385418,0.25,Thm. 3.3
-0.26799475439565784,0.005480397898738142,0.79,0.0650686766716521,0.25,Thm. 3.3
-0.26776540110977765,0.005304650289673398,0.8,0.0671956621563697,0.25,Thm. 3.3
-0.26745740820590286,0.00513858214771039,0.81,0.0693602874923737,0.25,Thm. 3.3
-0.2651212584493234,0.004964378876847523,0.8200000000000001,0.071791437378169,0.25,Thm. 3.3
-0.2639210211752252,0.004850588608866805,0.8300000000000001,0.0740266985061756,0.25,Thm. 3.3
-0.2632445164519908,0.004704673060114101,0.8400000000000001,0.0763480621188753,0.25,Thm. 3.3
-0.2630640046088787,0.004488115566456429,0.85,0.0785693978140113,0.25,Thm. 3.3
-0.26273629519392766,0.004367983454893912,0.86,0.081040078581188,0.25,Thm. 3.3
-0.2621754013743014,0.004198428708748783,0.87,0.0841376517814535,0.25,Thm. 3.3
-0.2617845235957113,0.004097363399684848,0.88,0.0870105872296962,0.25,Thm. 3.3
-0.2613700713616571,0.003972571464337383,0.89,0.0903416025066373,0.25,Thm. 3.3
-0.2611498285167558,0.0037852734649327347,0.9,0.0936862109519653,0.25,Thm. 3.3
-0.2610095769907751,0.0036214660801516013,0.91,0.097780753302068,0.25,Thm. 3.3
-0.2608028851383945,0.0034354565483793046,0.92,0.102465705118299,0.25,Thm. 3.3
-0.2588074551201105,0.003187754906974763,0.93,0.10789282682276,0.25,Thm. 3.3
-0.2575188525422758,0.002997602208949933,0.9400000000000001,0.113259868860724,0.25,Thm. 3.3
-0.25624925322949377,0.00273999937814333,0.9500000000000001,0.118666122455913,0.25,Thm. 3.3
-0.2554982187366537,0.002448323522110407,0.9600000000000001,0.125691397993915,0.25,Thm. 3.3
-0.25306243152924424,0.0020556036639065574,0.97,0.134475275456406,0.25,Thm. 3.3
-0.2512574954963148,0.0014540676969313387,0.98,0.147178486540326,0.25,Thm. 3.3
-0.24886631937878445,9.910797746857506e-4,0.99,0.166711078547926,0.25,Thm. 3.3
-0,0,1,0.245391542981891,0.25,Thm. 3.3
