p,q,rho,CVaR,CVaR.se
0.26,-0.4416613267555755,-1,-1.400971819348674,0.006677130037364782
0.26,-0.3815971944671458,-0.5,-1.2126531592356076,0.005846312157157484
0.26,-0.31057674573814753,0,-0.9896215907023135,0.004905408964546403
0.26,-0.2187684890146142,0.5,-0.7000725608695334,0.0038791343387046613
0.26,-0.10048397952025148,0.9,-0.32068916096880157,0.004250729544700714
0.26,-0.07455826410043204,0.95,-0.23536151824104,0.0053182906130887315
0.26,-0.02735638212554256,1,-0.07651488902847343,0.014702010262317591
0.27,-0.41733611594858727,-1,-1.3650549753079957,0.006507559842385192
0.27,-0.36050845045453567,-0.5,-1.1815551458055935,0.005699611352942206
0.27,-0.29330862018267934,0,-0.9642392366643543,0.004786578319189325
0.27,-0.20646590688151711,0.5,-0.6821372948371889,0.0037990626248961424
0.27,-0.09461601037051175,0.9,-0.31265330675230324,0.0042083706001465266
0.27,-0.07012466558269677,0.95,-0.22959524670217715,0.005259727374241696
0.27,-0.025329569849793954,1,-0.07633978931453209,0.014349833344007744
0.28,-0.3938377641859995,-1,-1.3308506640493445,0.006345950269138676
0.28,-0.3401355818529592,-0.5,-1.1519388916948017,0.005559744891555066
0.28,-0.2766347264490513,0,-0.9400645832172208,0.004673134729358093
0.28,-0.19459380385406821,0.5,-0.6650515434964708,0.0037221313982473544
0.28,-0.08892295797584282,0.9,-0.30498234066247887,0.004165073647759891
0.28,-0.06578477407746508,0.95,-0.22407875808513483,0.0052009300438900724
0.28,-0.023242455419406907,1,-0.07712708783534865,0.01408802311438252
0.29000000000000004,-0.37113495922461237,-1,-1.2982094871492271,0.006191487581911323
0.29000000000000004,-0.32047207287814927,-0.5,-1.1236750013454366,0.0054259351175270035
0.29000000000000004,-0.26053098432426974,0,-0.9169920588390534,0.004564486041062689
0.29000000000000004,-0.1831078751856295,0.5,-0.6487409425504677,0.003648052846149539
0.29000000000000004,-0.08342563408615852,0.9,-0.29764284008632275,0.004120565052314575
0.29000000000000004,-0.061545933967583476,0.95,-0.21878952213932462,0.00514162387606704
0.29000000000000004,-0.021073596917344062,1,-0.07833873473214924,0.013850656671258553
0.3,-0.34912500468370855,-1,-1.2669995184505776,0.006043649587546687
0.3,-0.30136303261294783,-0.5,-1.096649417219049,0.005297933606721232
0.3,-0.24489639881030098,0,-0.8949286276292795,0.004460390038069776
0.3,-0.17193941713431302,0.5,-0.6331399840537799,0.003576702494419256
0.3,-0.07801768017980756,0.9,-0.29060930161005755,0.004075846011300548
0.3,-0.057390336157272494,0.95,-0.2137089631428492,0.005081970435501392
0.3,-0.01914513704658158,1,-0.08083494865517211,0.013522138968186641
0.31,-0.32774501788785115,-1,-1.2371036134326783,0.0059018967142085155
0.31,-0.2828259946526062,-0.5,-1.0707605915467069,0.005175066669840445
0.31,-0.22970620947270698,0,-0.8737914965582863,0.004360400939871956
0.31,-0.16109771840479284,0.5,-0.6181900364673986,0.0035076499998826756
0.31,-0.07277998142544896,0.9,-0.2838535761662029,0.0040300834359059245
0.31,-0.05334611555477682,0.95,-0.20881853341508244,0.00502153968818809
0.31,-0.017200283815456532,1,-0.07927837584848897,0.013318784561233126
0.32,-0.3069282750963592,-1,-1.20841736848171,0.005765772856002037
0.32,-0.2647622664326458,-0.5,-1.0459182324805565,0.005057059674651133
0.32,-0.21491982985783153,0,-0.8535069280664953,0.004264187264918099
0.32,-0.15055995988437385,0.5,-0.6038390661623112,0.003440670523581459
0.32,-0.06761423408916403,0.9,-0.277355872526763,0.0039840624739427045
0.32,-0.04937699016731628,0.95,-0.20410467348648914,0.004960776955273874
0.32,-0.015291923832213762,1,-0.07597135909033535,0.013111383382032648
0.33,-0.2866508068362539,-1,-1.1808473067388838,0.005634783905671623
0.33,-0.24718036260610712,-0.5,-1.0220413522207341,0.004943400310742037
0.33,-0.20051561581846428,0,-0.8340088931499696,0.004171407946705202
0.33,-0.1402101432390288,0.5,-0.5900411380983361,0.0033759257931262306
0.33,-0.06260265459767743,0.9,-0.27109342605100967,0.003937128067180804
0.33,-0.045513169000092696,0.95,-0.1995523704312545,0.00489935510218763
0.33,-0.013381396102357286,1,-0.07343847411231298,0.01284864514007472
0.34,-0.26686064673744714,-1,-1.1543095128109586,0.005508560541871582
0.34,-0.2299833135164717,-0.5,-0.9990574134198797,0.004833907691823814
0.34,-0.18640901995065404,0,-0.8152382861492852,0.004081952462110022
0.34,-0.1301664250987228,0.5,-0.5767535393096863,0.0033127077824856477
0.34,-0.05767393816333222,0.9,-0.2650500856646751,0.003889780978733797
0.34,-0.04172200624322804,0.95,-0.1951508228828115,0.0048376397196481695
0.34,-0.01145353071840946,1,-0.06719728182213591,0.012647756743967991
0.35000000000000003,-0.24749178308574515,-1,-1.128728377508351,0.005386810464192872
0.35000000000000003,-0.21316941130604544,-0.5,-0.9769008702969035,0.004728192073989004
0.35000000000000003,-0.17263008423228415,0,-0.7971415091175821,0.00399540190123338
0.35000000000000003,-0.12027424547052008,0.5,-0.5639394679922157,0.0032513516360695074
0.35000000000000003,-0.05283589151588147,0.9,-0.2592092049301102,0.003841945048225152
0.35000000000000003,-0.037981349886117025,0.95,-0.1908898172979121,0.004775788373974255
0.35000000000000003,-0.00939942991089663,1,-0.06550770584562918,0.012403951658678192
0.36000000000000004,-0.22847209810023555,-1,-1.104035539776395,0.005269289694556654
0.36000000000000004,-0.19668680085846535,-0.5,-0.9555125444927874,0.004626029800329382
0.36000000000000004,-0.1591364423362266,0,-0.7796703079975188,0.003911589227343059
0.36000000000000004,-0.11060573387264187,0.5,-0.5515642961588149,0.0031914051975705914
0.36000000000000004,-0.048076643588522205,0.9,-0.25355627531083663,0.003793673234029152
0.36000000000000004,-0.03427088719836524,0.95,-0.18675999642382884,0.004713868677574922
0.36000000000000004,-0.007660206601932694,1,-0.06362870891894583,0.012182939743574985
0.37,-0.2098859055629837,-1,-1.080168786297389,0.005155457334876926
0.37,-0.1805287839230274,-0.5,-0.9348386752278541,0.004527119696547253
0.37,-0.14585726649137692,0,-0.7627809926346824,0.003830439728214998
0.37,-0.10110900817459419,0.5,-0.5395973529515872,0.003132865359857274
0.37,-0.04342601436253746,0.9,-0.2480771520197115,0.0037448775699658573
0.37,-0.030649427319678773,0.95,-0.18277980386764292,0.00465151310002133
0.37,-0.005969354249401586,1,-0.06255854119066302,0.011967342477471882
0.38,-0.19154357954143647,-1,-1.0570718533085786,0.005045384661432243
0.38,-0.16465144688925382,-0.5,-0.9148304139216082,0.0044312780304883725
0.38,-0.13283088419753986,0,-0.7464335194804587,0.003751613622691448
0.38,-0.09174045030669403,0.5,-0.5280106865374364,0.003075692132012465
0.38,-0.038769182976968075,0.9,-0.24276236095261686,0.0036959119037427188
0.38,-0.02704507399394867,0.95,-0.17888313616982424,0.0045891063571967235
0.38,-0.0041040270208123186,1,-0.05979608153133749,0.01176934396770799
0.39,-0.17352363498198553,-1,-1.034693070989085,0.004938608730557251
0.39,-0.14896278434249113,-0.5,-0.8954432626757238,0.004338442561800357
0.39,-0.11999242369742188,0,-0.7305916232116854,0.0036750599476853907
0.39,-0.08249880565903442,0.5,-0.5167785676396298,0.0030197354591337557
0.39,-0.03422302560571326,0.9,-0.23759797650049283,0.0036464463908812694
0.39,-0.023504908727422634,0.95,-0.17509104967626196,0.004526437039965166
0.39,-0.0024954153351441875,1,-0.0629234854138353,0.011534536931763309
0.4,-0.15574985508354305,-1,-1.0129853409817082,0.004835009696091821
0.4,-0.13356905619218787,-0.5,-0.8766361846801493,0.004248145059253463
0.4,-0.10729281788933466,0,-0.7152220747845656,0.0036006903803859763
0.4,-0.07343535831877931,0.5,-0.5058772015407145,0.0029647574745352207
0.4,-0.02972734463410727,0.9,-0.2326029401295681,0.0035966328149068067
0.4,-0.020011436249021887,0.95,-0.17139709705632053,0.0044636029365634185
0.4,-8.171253919824165e-4,1,-0.06340137199198641,0.011322979173206946
0.41000000000000003,-0.13821329431308554,-1,-0.9919053694864967,0.004734354301279228
0.41000000000000003,-0.11831225306410864,-0.5,-0.8583719410273952,0.0041604980721516496
0.41000000000000003,-0.0947952923119727,0,-0.7002941204967065,0.0035281824270987448
0.41000000000000003,-0.06442823533258593,0.5,-0.49528562372981977,0.0029109192222744524
0.41000000000000003,-0.025243825626121326,0.9,-0.22771272960143163,0.003546535946962508
0.41000000000000003,-0.01650913638311463,0.95,-0.16779649129048105,0.004400656053389207
0.41000000000000003,0.0010233913854714757,1,-0.06513085985635525,0.011117100565962525
0.42000000000000004,-0.12091428209673069,-1,-0.9714133208208865,0.004636416063841425
0.42000000000000004,-0.1032504467144357,-0.5,-0.8406159459096043,0.004075179064368416
0.42000000000000004,-0.08244166508026872,0,-0.685779760434673,0.003457506064951441
0.42000000000000004,-0.05558211132955239,0.5,-0.4849834803376397,0.0028579112225578436
0.42000000000000004,-0.020837087712545655,0.9,-0.22294555995843937,0.003496112268949224
0.42000000000000004,-0.013065183326476418,0.95,-0.16428093398838028,0.004337516497378873
0.42000000000000004,0.002756544432838829,1,-0.05543092843523608,0.010971240152540251
0.43,-0.10376552493094346,-1,-0.9514725427190084,0.004541140127864329
0.43,-0.08835241593923691,-0.5,-0.8233364351044906,0.003992066967807323
0.43,-0.07023864577719277,0,-0.6716530307939758,0.003388502696642322
0.43,-0.04674740844698223,0.5,-0.4749531402042893,0.002805911119313131
0.43,-0.016469605537854804,0.9,-0.21829422180174785,0.003445405005412103
0.43,-0.009644441479011416,0.95,-0.16084590034516003,0.004274220554023219
0.43,0.004465177166853183,1,-0.05437005555708421,0.010789747958370436
0.44,-0.08675220323180674,-1,-0.9320490687446351,0.004448351888856693
0.44,-0.07360788975051433,-0.5,-0.8065040140702746,0.003911013694200067
0.44,-0.05810047116127599,0,-0.657890107707138,0.003321198724606783
0.44,-0.038029621797186455,0.5,-0.4651772261929852,0.002754659777302142
0.44,-0.01211685533030038,0.9,-0.21375172687533234,0.0033943919998977857
0.44,-0.006274938227503685,0.95,-0.1574853550119687,0.004210836071458865
0.44,0.006098440755678754,1,-0.05665993228591428,0.010599206026422826
0.45,-0.06986067002467661,-1,-0.9131114172538967,0.004357889859510663
0.45,-0.05893846055043373,-0.5,-0.7900915171926511,0.003831998710932707
0.45,-0.04605557851742785,0,-0.6444686903995501,0.003255409046566841
0.45,-0.02941352216911621,0.5,-0.4556648350504986,0.0027040261546485986
0.45,-0.007781387556729172,0.9,-0.20931110653144802,0.0033430672649509456
0.45,-0.0029106780270538963,0.95,-0.154195705582497,0.0041472955346169805
0.45,0.007749133577212864,1,-0.05752292728128364,0.010416727812613066
0.46,-0.053090040266290925,-1,-0.8946303304744205,0.004269586633296238
0.46,-0.04438652102778207,-0.5,-0.77407356751495,0.003754801390849661
0.46,-0.03410161594282851,0,-0.63136813054069,0.003191023682217902
0.46,-0.02078473847167895,0.5,-0.4463523636016182,0.0026542832086123252
0.46,-0.003458538411902387,0.9,-0.20496599524487472,0.0032914202694655083
0.46,4.699457594832283e-4,0.95,-0.15097281771861484,0.004083480910725151
0.46,0.009465941139167797,1,-0.05404155601193631,0.010257637369356488
0.47000000000000003,-0.03639752708014529,-1,-0.8765785922892663,0.004183350909179744
0.47000000000000003,-0.029944661907857655,-0.5,-0.7584501940614106,0.0036791690162160154
0.47000000000000003,-0.022186891924229183,0,-0.6185932480197567,0.003127888415828318
0.47000000000000003,-0.012218055746599102,0.5,-0.4372507736219442,0.0026051813979627264
0.47000000000000003,8.063987597664662e-4,0.9,-0.20070980570091587,0.0032396193945440125
0.47000000000000003,0.0038312124645373292,0.95,-0.14781145299877652,0.0040195007685524696
0.47000000000000003,0.010886687113910491,1,-0.05648641856759505,0.010088102511955487
0.48000000000000004,-0.019821718183889,-1,-0.8589543376852428,0.004098841824451194
0.48000000000000004,-0.015487537195433866,-0.5,-0.743152504418078,0.0036054311951207564
0.48000000000000004,-0.01034097769496075,0,-0.6060781765778331,0.00306611422514057
0.48000000000000004,-0.0036691793222676664,0.5,-0.42834755480097914,0.002556706928410603
0.48000000000000004,0.005079694530710779,0.9,-0.1965378736803174,0.003187478061462981
0.48000000000000004,0.0071260172108360605,0.95,-0.14470665919356243,0.003955654601166406
0.48000000000000004,0.012644383291490155,1,-0.05618566842406918,0.009926924647115228
0.49,-0.0032639753254339026,-1,-0.8416869498781312,0.004016339179560028
0.49,-0.0010588536054161126,-0.5,-0.7281832346516045,0.0035332625420889424
0.49,0.0014869781576770664,0,-0.5938300879093202,0.003005554202059958
0.49,0.004844369663067383,0.5,-0.4196308438621541,0.0025088019694554553
0.49,0.009335043833885594,0.9,-0.1924446215703443,0.0031351058819654664
0.49,0.010487313619258178,0.95,-0.14165743273779294,0.003891220656729917
0.49,0.014395985554652973,1,-0.05697276439301288,0.00976768048193455
0.5,0.01329788549488941,-1,-0.8247773870725535,0.003935601541686793
0.5,0.01329788549488941,-0.5,-0.7135230546414061,0.0034624931962163757
0.5,0.01329788549488941,0,-0.5818332404936603,0.0029461203639892797
0.5,0.013347577730151921,0.5,-0.41108962592506754,0.0024614395024178514
0.5,0.013588788907046883,0.9,-0.1884253290822083,0.0030824545134665697
0.5,0.013799288593572701,0.95,-0.13865789053437505,0.003826886838255971
0.5,0.01613376589024988,1,-0.056075930252695944,0.009614235402999462
0.51,0.029862685179560797,-1,-0.8082046665039451,0.0038565007699403312
0.51,0.02768828526496201,-0.5,-0.6991538727184513,0.0033931603962676265
0.51,0.02514245350186884,0,-0.570072874479345,0.002887788521276994
0.51,0.021884479847205866,0.5,-0.4027135558989094,0.0024145864793807172
0.51,0.017845668255664762,0.9,-0.18447541722062408,0.0030295156752146403
0.51,0.01713352636409496,0.95,-0.13570600734234986,0.003762199317876911
0.51,0.01750495821258935,1,-0.05558289886221922,0.009461716089587928
0.52,0.046391470906950796,-1,-0.791946729346104,0.003778889114301358
0.52,0.04210704899440386,-0.5,-0.6850585808271172,0.003325151872551888
0.52,0.03696048949393061,0,-0.55853503052262,0.002830413627625304
0.52,0.030418962073213887,0.5,-0.3944927819935281,0.002368198716150582
0.52,0.02209165387632462,0.9,-0.1805904579154087,0.002976394188577603
0.52,0.02043614405212838,0.95,-0.1327978232822006,0.0036975891104445236
0.52,0.019251958959929337,1,-0.05342794889804501,0.009314236840103183
0.53,0.06301391170438322,-1,-0.7759903279569704,0.00370277625283695
0.53,0.05649216529889009,-0.5,-0.6712192528061267,0.003258313523559905
0.53,0.04883408117243154,0,-0.5472044576534281,0.002774024495968835
0.53,0.03896493085197086,0.5,-0.3864180948158673,0.0023222502618558687
0.53,0.02639355703693593,0.9,-0.17676675766553562,0.0029226978483159155
0.53,0.023760214775567223,0.95,-0.12993115890727872,0.0036326502092631306
0.53,0.02099638203306446,1,-0.05129969181621013,0.009165901788595904
0.54,0.0797230543174107,-1,-0.7603146500983247,0.003628061422872631
0.54,0.0710195350789018,-0.5,-0.6576248754331684,0.0031927269635058
0.54,0.06073462999394831,0,-0.5360735669828757,0.0027184932397453466
0.54,0.047498590940039984,0.5,-0.3784786209134084,0.002276739318362082
0.54,0.030645627217584206,0.9,-0.17299991612934146,0.002869127570090609
0.54,0.027109540966278,0.95,-0.12710317226317655,0.0035673326065204605
0.54,0.022676942929782305,1,-0.05039143074119109,0.009018753369473198
0.55,0.09650087924838328,-1,-0.7449029331797022,0.00355462171575917
0.55,0.08559781144078558,-0.5,-0.6442584524391288,0.0031282156280089185
0.55,0.07271492940777949,0,-0.5251278225421804,0.0026638182481155564
0.55,0.05610384492670057,0.5,-0.37067085469696753,0.0022315945865679604
0.55,0.034946392520387996,0.9,-0.16928676816645946,0.002815064076688767
0.55,0.030469279795676783,0.95,-0.12431105163466512,0.0035017811492601345
0.55,0.024174523647778196,1,-0.04855504753740674,0.008871264886748867
0.56,0.1133803051410104,-1,-0.7297392278530362,0.0034823949028715334
0.56,0.10026707976662198,-0.5,-0.6311061968457117,0.0030647392089748504
0.56,0.08475966117738357,0,-0.5143560110858559,0.0026099241346430402
0.56,0.06478941504052706,0.5,-0.3629843075495826,0.0021867938732313087
0.56,0.03930281068295606,0.9,-0.16562376132059464,0.0027604475056821473
0.56,0.03385596758257059,0.95,-0.12155241908932693,0.003435840219452405
0.56,0.02591432804010206,1,-0.0425919576410714,0.00872222595560178
0.5700000000000001,0.13040768781475076,-1,-0.7148083077388794,0.003411331726788464
0.5700000000000001,0.11504510488922562,-0.5,-0.6181549597387705,0.003002235034606658
0.5700000000000001,0.0969313347271814,0,-0.5037474085769256,0.002556795773801927
0.5700000000000001,0.07354114952933336,0.5,-0.35541148834480574,0.0021423213265862992
0.5700000000000001,0.04362158501602108,0.9,-0.16200756289924523,0.002706022473040848
0.5700000000000001,0.03724378389910048,0.95,-0.11882481242478155,0.0033698105589353724
0.5700000000000001,0.02748462757897604,1,-0.04019182385741159,0.008583828443919228
0.5800000000000001,0.14758811914309194,-1,-0.7000956176100346,0.003341344195539841
0.5800000000000001,0.12997507178753168,-0.5,-0.6053921479077413,0.0029406640137535256
0.5800000000000001,0.10914689085337359,0,-0.49329185834856865,0.002504324380209786
0.5800000000000001,0.08233812512939169,0.5,-0.3479452840106356,0.0020981792336364825
0.5800000000000001,0.047991995853021566,0.9,-0.15843318287267674,0.0026511464931015796
0.5800000000000001,0.040618985807588874,0.95,-0.11612613191201697,0.0033039077524206944
0.5800000000000001,0.029037311268586642,1,-0.03902743060303166,0.008439650108253316
0.59,0.16492080650221722,-1,-0.6855872009663085,0.003272344559008335
0.59,0.14503927945473793,-0.5,-0.5928057160417862,0.0028799361871943326
0.59,0.12155389334388912,0,-0.48297944325363723,0.0024525455709066184
0.59,0.09121841100578879,0.5,-0.3405788205606671,0.0020543316449842183
0.59,0.05243525827988873,0.9,-0.15490172951469483,0.00259564455991358
0.59,0.044050737174662256,0.95,-0.11345439621741138,0.003237353332441567
0.59,0.030618049373869596,1,-0.036829592539567545,0.008289793716192569
0.6,0.18246544780903068,-1,-0.6712695884931402,0.003204299261783116
0.6,0.16028464891767552,-0.5,-0.5803840311081054,0.002820018384315226
0.6,0.13405984070687227,0,-0.4728008307690714,0.0024013562223317987
0.6,0.10023416668124838,0.5,-0.33330542186830114,0.002010721012131649
0.6,0.05687866009162053,0.9,-0.151408362410519,0.0025401759314197365
0.6,0.04751525880157925,0.95,-0.1108055725283573,0.0031704420139072455
0.6,0.03223031153495647,1,-0.035440404631666214,0.008145244353860288
0.61,0.2002776510457303,-1,-0.65712976048403,0.003137166896778667
0.61,0.17574882297455746,-0.5,-0.5681158557209477,0.0027608672998158403
0.61,0.1467586712938582,0,-0.4627468227393232,0.002350754258298745
0.61,0.10936868046337365,0.5,-0.3261187644808881,0.0019673513036369593
0.61,0.061396222530822754,0.9,-0.14795013184867922,0.0024841404635775623
0.61,0.051033241377253624,0.95,-0.10818169283925935,0.003102926215981987
0.61,0.03365894140446397,1,-0.03370326962967666,0.007987220390525636
0.62,0.21833240768328827,-1,-0.6431551629078344,0.0030708443685212154
0.62,0.19142032055934857,-0.5,-0.5559903490652189,0.002702406121779852
0.62,0.15961971233939168,0,-0.4528086528564042,0.0023006790423260367
0.62,0.11861380694736284,0.5,-0.3190127414068082,0.0019242283773140173
0.62,0.06594836659937499,0.9,-0.14452461713427153,0.002427934346784832
0.62,0.05453008459809362,0.95,-0.10557923397167655,0.0030358293048136525
0.62,0.03525425079402268,1,-0.03405465928774392,0.007853337308428035
0.63,0.23664653369837316,-1,-0.6293335623054215,0.0030052660084485625
0.63,0.207342128209222,-0.5,-0.5439969159601099,0.002644597954104956
0.63,0.17267061077757134,0,-0.4429777272469624,0.0022510987966885645
0.63,0.1279549328337426,0.5,-0.3119814628210556,0.00188137281592822
0.63,0.07060068052161891,0.9,-0.14112887514590491,0.002370995850578715
0.63,0.058132699200841874,0.95,-0.10299563555305652,0.002967497956276298
0.63,0.03692783218487042,1,-0.03263613231756925,0.007700621301163272
0.64,0.2553058210711887,-1,-0.6156529458570718,0.0029404125256364514
0.64,0.22352052382941864,-0.5,-0.5321252534091095,0.002587382514994954
0.64,0.1860030696589468,0,-0.4332455323998457,0.002201998008467656
0.64,0.13749269720313195,0.5,-0.30501884833538523,0.0018386754965627682
0.64,0.07527528141246126,0.9,-0.13776103110886698,0.0023141110334206788
0.64,0.061727959156216455,0.95,-0.10043006264953167,0.002899509716020205
0.64,0.038540897307498406,1,-0.031683867772957584,0.007565450075742209
0.65,0.27434870062613426,-1,-0.6021015733059942,0.0028762277265359285
0.65,0.24005958974103928,-0.5,-0.5203651313567811,0.0025307546379969444
0.65,0.19952026266727774,0,-0.42360405574069115,0.0021533085320095758
0.65,0.1471976848001183,0.5,-0.2981192912626872,0.001796174412186058
0.65,0.08004112166655666,0.9,-0.1344181924558104,0.002256685127075265
0.65,0.06543510996326468,0.95,-0.09787969117167797,0.0028302454957833904
0.65,0.039957741719015505,1,-0.03131768926251648,0.007423218257417656
0.66,0.2937642867419952,-1,-0.588667941668991,0.0028126262627243557
0.66,0.25688695352101965,-0.5,-0.5087067141636608,0.002474611020874706
0.66,0.21336711038658818,0,-0.4140449706390084,0.002105027110928909
0.66,0.15714531374874469,0.5,-0.2912769409153985,0.001753786656442936
0.66,0.08491713475941025,0.9,-0.13109780374811122,0.002198590266444723
0.66,0.0691414081366773,0.95,-0.0953441683899114,0.002761354347377869
0.66,0.04166159957103563,1,-0.03007356805419963,0.007284768514257895
0.67,0.3136080459936328,-1,-0.5753406013208731,0.002749564372261768
0.67,0.27413760176348617,-0.5,-0.4971399851809099,0.0024189580819353722
0.67,0.22750693582055137,0,-0.4045603813513222,0.0020571058910179934
0.67,0.16725660720621954,0.5,-0.2844865443725558,0.0017116240801341779
0.67,0.08982756818449111,0.9,-0.12779837716806106,0.0021406477640682872
0.67,0.07297167617163278,0.95,-0.0928203010397633,0.002691087799956328
0.67,0.04325204620665958,1,-0.029213108087228414,0.007152101577876503
0.68,0.3339260736223181,-1,-0.562108177265324,0.0026869902420791434
0.68,0.29178141782027456,-0.5,-0.48565522442003184,0.0023637175421923774
0.68,0.24191762838379122,0,-0.39514243318620124,0.00200950789931512
0.68,0.1776136609279393,0.5,-0.2777423256847559,0.0016696028673089426
0.68,0.09487019234148425,0.9,-0.12451663285256653,0.0020819711446061857
0.68,0.07681385276672312,0.95,-0.09030811244564008,0.002621145132723319
0.68,0.04488140107552179,1,-0.027166665024887824,0.007014198279850408
0.6900000000000001,0.3547881748863254,-1,-0.5489592699553887,0.002624861537437829
0.6900000000000001,0.30986915165108053,-0.5,-0.4742426017783605,0.0023088511037674896
0.6900000000000001,0.25677103594093637,0,-0.38578285305274823,0.0019622219525457308
0.6900000000000001,0.18819760681160405,0.5,-0.27103888369949686,0.001627769815835177
0.6900000000000001,0.10002839458751675,0.9,-0.12125048865566948,0.002022814137127385
0.6900000000000001,0.08074305347210077,0.95,-0.08780496601096799,0.0025504909100168356
0.6900000000000001,0.04663322936685984,1,-0.025602891144710694,0.006849230084487863
0.7000000000000001,0.37620751253829865,-1,-0.535882493661999,0.0025631059272868033
0.7000000000000001,0.32846755573688946,-0.5,-0.46289221173643086,0.0022543239408032187
0.7000000000000001,0.2720009219342425,0,-0.37647385382319704,0.0019152042540267243
0.7000000000000001,0.19910157698168843,0.5,-0.2643703591371645,0.0015860330008212575
0.7000000000000001,0.10527309820469907,0.9,-0.11799810555349306,0.001963572325709504
0.7000000000000001,0.0847966490831139,0.95,-0.08530857977037794,0.002478630866128581
0.7000000000000001,0.04820288479825219,1,-0.024566024868691076,0.006712293416773153
0.7100000000000001,0.3982848196182541,-1,-0.5228662267839403,0.0025016902155279614
0.7100000000000001,0.3475995403448915,-0.5,-0.45159411340388533,0.002200082302523907
0.7100000000000001,0.2877170772347436,0,-0.36720717227765737,0.0018684315406751768
0.7100000000000001,0.21031636102300333,0.5,-0.25773124427174143,0.0015444371528226587
0.7100000000000001,0.11067035244036408,0.9,-0.11475641627553336,0.0019036990257482128
0.7100000000000001,0.08888551028235356,0.95,-0.08281904367611405,0.0024069949443868547
0.7100000000000001,0.0500204723087367,1,-0.025062886745366962,0.0066057110436205805
0.72,0.42105182866257085,-1,-0.5098987376863701,0.0024405464072944677
0.72,0.3673496463295305,-0.5,-0.44033809594538786,0.0021460930966626076
0.72,0.30390849652618424,0,-0.35797469064650556,0.0018218700878309517
0.72,0.22186757393120135,0.5,-0.2511158135996267,0.001502987941422523
0.72,0.11619672805297585,0.9,-0.11152349359684506,0.0018435614358131404
0.72,0.09309544424506402,0.95,-0.08033319934922928,0.0023343841656328274
0.72,0.05174391031916045,1,-0.025358555260664568,0.006452174928896208
0.73,0.4446107561409063,-1,-0.4969679244052547,0.0023796327615408642
0.73,0.38778309064685446,-0.5,-0.4291137410942815,0.0020923125058923834
0.73,0.32058326037499807,0,-0.3487680598265525,0.0017754904767964257
0.73,0.23380143354033828,0.5,-0.24451813362995434,0.0014616715706026078
0.73,0.12192828046858395,0.9,-0.10829599680815868,0.0017825552341723147
0.73,0.09743693568076897,0.95,-0.0778491906792913,0.0022607496960797002
0.73,0.053537370513913135,1,-0.024630292647371727,0.006339345709542875
0.74,0.4689841818593689,-1,-0.4840614191897853,0.002318873054626437
0.74,0.40892004957093886,-0.5,-0.4179103895176686,0.0020386816046855313
0.74,0.3379233510265234,0,-0.3395782681856305,0.0017292687014611634
0.74,0.2461297727243008,0.5,-0.23793225187999265,0.001420523008317129
0.74,0.12780683462404413,0.9,-0.1050724553945071,0.001721433190010661
0.74,0.10190486938880723,0.95,-0.07536549268950056,0.002186302506505874
0.74,0.05555534695403534,1,-0.0245378863799558,0.006210789421894466
0.75,0.4943432539649566,-1,-0.4711661904479682,0.002258240035489257
0.75,0.4309223390808723,-0.5,-0.40671674278587205,0.0019851785864262086
0.75,0.3558989631356208,0,-0.33039648006980543,0.0016831723966963452
0.75,0.25894830122493073,0.5,-0.23135164859697527,0.0013794847977844187
0.75,0.133865033134587,0.9,-0.10185004919348563,0.0016600666844451461
0.75,0.10651631515950223,0.95,-0.07288008885843907,0.002110942088773204
0.75,0.057264602381674454,1,-0.024195133246677877,0.006109924594414586
0.76,0.5207446607720625,-1,-0.45826876812700124,0.0021976593946443686
0.76,0.45379145063209425,-0.5,-0.395521262943119,0.0019317337222429264
0.76,0.3746607350579352,0,-0.32121303339675544,0.001637173399674277
0.76,0.2722789281685083,0.5,-0.22476985122839713,0.0013385972780698746
0.76,0.14018357233735546,0.9,-0.09862512124773125,0.0015979115781457574
0.76,0.11125769813740927,0.95,-0.0703916353159772,0.0020350577333042756
0.76,0.05933182741947124,1,-0.02244229867316507,0.005981592518222336
0.77,0.5482991278303904,-1,-0.4453548888833902,0.0021370699957409815
0.77,0.4776878290633684,-0.5,-0.3843115304959007,0.0018783143603645475
0.77,0.3941878420687013,0,-0.3120181643979973,0.001591240571383892
0.77,0.2861771079459997,0.5,-0.21817991442247567,0.001297869912720888
0.77,0.14670494909107695,0.9,-0.09539597585233872,0.0015357775891071336
0.77,0.11616982081071325,0.95,-0.06789750330804309,0.0019582559461734403
0.77,0.061356095217822114,1,-0.019343928561891113,0.0058084275281193665
0.78,0.5771852929516919,-1,-0.4324093255346309,0.0020764218426535556
0.78,0.502722491201619,-0.5,-0.3730744515505339,0.0018248688761567924
0.78,0.4146735200040641,0,-0.3028010122449713,0.001545343766205018
0.78,0.30073452837533915,0.5,-0.2115743394986735,0.0012572859582880914
0.78,0.15354002025550756,0.9,-0.09215825385573695,0.0014729412213117742
0.78,0.12126940247480553,0.95,-0.06539556922676618,0.0018805536536260724
0.78,0.063040016367232235,1,-0.018951644594593874,0.00569757858370624
0.79,0.6074972720275968,-1,-0.41941588461986834,0.0020156328428267206
0.79,0.5290165710613239,-0.5,-0.3617959963531144,0.0017713423174816937
0.79,0.4361662148700388,0,-0.29355030413157546,0.0014994506254017632
0.79,0.31599570065421395,0.5,-0.20494532666879564,0.0012168891866651175
0.79,0.16063251400385337,0.9,-0.08890996025319879,0.001410258834213698
0.79,0.1265692642065356,0.95,-0.0628837736520183,0.0018020766625551092
0.79,0.0650545198931647,1,-0.017204276792048428,0.005523880122449292
0.8,0.6394559400871995,-1,-0.40635692555153435,0.0019546443353083997
0.8,0.5567117162218385,-0.5,-0.35046098760999883,0.0017176774580922743
0.8,0.4588177950401465,0,-0.2842536418126675,0.0014535276732173127
0.8,0.33209006479898806,0.5,-0.1982841360186534,0.0011766547558195483
0.8,0.16811649056221384,0.9,-0.0856460696053179,0.001346960380411134
0.8,0.13212744515702168,0.95,-0.06035890741113112,0.0017223760947257672
0.8,0.0671862261635102,1,-0.017351966075359188,0.005346782115383655
0.81,0.6733441031430267,-1,-0.3932131753073887,0.0018933964297314172
0.81,0.5860740261960538,-0.5,-0.33905272131591707,0.001663830296179581
0.81,0.48279848576101303,0,-0.2748975077778522,0.001407539597243245
0.81,0.34912296962970335,0.5,-0.19158140135401291,0.0011366006572552986
0.81,0.17597077853818066,0.9,-0.08236366221954905,0.0012837064528225203
0.81,0.13794675296602477,0.95,-0.05781901843061685,0.0016418790938786032
0.81,0.06935340001779544,1,-0.01626106627062173,0.005178796741750621
0.8200000000000001,0.7092867655201996,-1,-0.379963625472732,0.001831781279811172
0.8200000000000001,0.6171948521635239,-0.5,-0.32755309598074533,0.001609717039262574
0.8200000000000001,0.5082804784574741,0,-0.26546706149231625,0.0013614488454175345
0.8200000000000001,0.3671692341073541,0.5,-0.184826963293314,0.0010967813206200063
0.8200000000000001,0.18429914435049105,0.9,-0.0790577292646066,0.0012202060319612574
0.8200000000000001,0.14407844896377073,0.95,-0.05526088631421621,0.0015604363742867961
0.8200000000000001,0.07176954451198173,1,-0.01326947686421616,0.005006419462227864
0.8300000000000001,0.7476796791656681,-1,-0.3665846455416479,0.0017697312782629425
0.8300000000000001,0.6504706005710245,-0.5,-0.3159415910740609,0.0015552916907191924
0.8300000000000001,0.5354465401091133,0,-0.2559458199505335,0.0013152147184119542
0.8300000000000001,0.38643298839018975,0.5,-0.17800910415989335,0.0010571702192417771
0.8300000000000001,0.1930866885391586,0.9,-0.07572460635196097,0.0011571925112146757
0.8300000000000001,0.15055817811342287,0.95,-0.05268156844835018,0.0014782441149008845
0.8300000000000001,0.07400151670431543,1,-0.011565187944589859,0.004891381741298689
0.8400000000000001,0.788928817528738,-1,-0.35304974588191607,0.0017071560727081375
0.8400000000000001,0.6861732775327705,-0.5,-0.30419539672488427,0.0015004728517662355
0.8400000000000001,0.5646301153200525,0,-0.24631504548049457,0.0012687945452249181
0.8400000000000001,0.407079821895921,0.5,-0.17111490321462028,0.001017796119342926
0.8400000000000001,0.2025176896475827,0.9,-0.07235749262905598,0.0010940631069811034
0.8400000000000001,0.15743642982996953,0.95,-0.05007765625037989,0.0013954518185821656
0.8400000000000001,0.0763682383268038,1,-0.008997695533759769,0.0047337672731238905
0.85,0.8333802541902029,-1,-0.339328940758505,0.001643931710503945
0.85,0.7246981221500396,-0.5,-0.29228849380300587,0.001445179924446099
0.85,0.5960845800109396,0,-0.23655368059108103,0.0012221397831009245
0.85,0.4293592289128431,0.5,-0.1641294985368944,9.78661842841001e-4
0.85,0.21262332101022796,0.9,-0.06895117408101256,0.001031502469128109
0.85,0.16480450716563788,0.95,-0.04744470989383669,0.001311919609966145
0.85,0.07856220749388299,1,-0.008045624728064166,0.00453063843871667
0.86,0.8817012118936347,-1,-0.32538751297769386,0.0015799559762405292
0.86,0.7665679115327002,-0.5,-0.28019090155788096,0.0013893267978058142
0.86,0.630265533055282,0,-0.22663725504832877,0.001175199385544125
0.86,0.45354761310647707,0.5,-0.15703585792625138,9.397889083395227e-4
0.86,0.2235286465416321,0.9,-0.06549853602863775,9.69728793582408e-4
0.86,0.17270394149582888,0.95,-0.044779194478636875,0.0012283274124998906
0.86,0.08102688515920067,1,-0.006928262978404642,0.00441050847326511
0.87,0.9345618313660127,-1,-0.3111851249529772,0.001515087503933358
0.87,0.812323991980468,-0.5,-0.2678677715300362,0.0013328033620681053
0.87,0.6676424016255048,0,-0.21653737819192886,0.00112791462295336
0.87,0.4799564865586275,0.5,-0.14981416694231214,9.012110542276501e-4
0.87,0.23539524584569677,0.9,-0.06199125096032371,9.090164595834801e-4
0.87,0.1812427832213665,0.95,-0.04207580203098317,0.001144857968326444
0.87,0.08414790908786719,1,-0.006660999111621307,0.0042407043811245335
0.88,0.9928724428310806,-1,-0.2966740126191811,0.001449171306940744
0.88,0.8628330817237224,-0.5,-0.25527770690048673,0.0012755027513360001
0.88,0.7088674175451077,0,-0.20622037504025792,0.0010802207783242761
0.88,0.5091117503112312,0.5,-0.1424406418583873,8.629192679238147e-4
0.88,0.24843344041179827,0.9,-0.058419477278618764,8.497288710449919e-4
0.88,0.19059394304912658,0.95,-0.03932758285107763,0.0010614666921303093
0.88,0.08702077920395557,1,-0.008168104838452829,0.004136996383935314
0.89,1.0578721810024074,-1,-0.28179672049650467,0.0013820317541026943
0.89,0.9191111094214882,-0.5,-0.24237104125358244,0.001217289491624927
0.89,0.754797155013075,0,-0.1956457422113051,0.0010320452108123779
0.89,0.5415631018995575,0.5,-0.13488696448407048,8.24950002301124e-4
0.89,0.26288571753087087,0.9,-0.05477173595903112,7.924803197080298e-4
0.89,0.20088108206056765,0.95,-0.036527808518926126,9.790744954646343e-4
0.89,0.09035387880419869,1,-0.007617697076011811,0.004012270297583583
0.9,1.1311173503248395,-1,-0.2664829564785566,0.0013134505327768707
0.9,0.9825700377927926,-0.5,-0.22908690907650836,0.0011580101937708166
0.9,0.8065836516255307,0,-0.1847638650444901,9.833059327277252e-4
0.9,0.5781417296344632,0.5,-0.12711821037146542,7.873181526761625e-4
0.9,0.27913102300706516,0.9,-0.05103351731445348,7.378094193178527e-4
0.9,0.21238750008656748,0.95,-0.033665980298928005,8.978621524875745e-4
0.9,0.09370187263636076,1,-0.006504947891280864,0.0038255034485387457
0.91,1.2148647613112857,-1,-0.25064473916583,0.0012431762395692574
0.91,1.0550845410171399,-0.5,-0.21534922223006425,0.0010974778065886727
0.91,0.865764278150283,0,-0.17351271523046674,9.339072663311543e-4
0.91,0.6199148748231786,0.5,-0.1190907828192381,7.500574526852536e-4
0.91,0.29760431075047866,0.9,-0.04718729874487802,6.866106224805898e-4
0.91,0.2253937644766815,0.95,-0.030730304439718872,8.189829879285939e-4
0.91,0.09778061097189028,1,-0.004376507731419151,0.003661501487886409
0.92,1.312274999808912,-1,-0.2341692759988818,0.0011708965600334181
0.92,1.1394002265408558,-0.5,-0.20106034817668592,0.0010354740497714604
0.92,0.9345771487527419,0,-0.16181268133199656,8.837415936146873e-4
0.92,0.6684941201618739,0.5,-0.11074857495128095,7.131974896345753e-4
0.92,0.31906865801463846,0.9,-0.0432094001398193,6.394689520434273e-4
0.92,0.24040606826977262,0.95,-0.0277040927272162,7.433985328998248e-4
0.92,0.10247788957947135,1,-0.0033561046142690453,0.0034760907583340894
0.93,1.4279049022277845,-1,-0.21690753815244765,0.0010962147986380043
0.93,1.2394892711805878,-0.5,-0.1860912878441642,9.717272612193884e-4
0.93,1.0162647505517555,0,-0.1495585671105387,8.326826781298814e-4
0.93,0.7261526236019393,0.5,-0.10201751795441456,6.767907791379226e-4
0.93,0.3444542431129946,0.9,-0.03906922391292085,5.973144516290153e-4
0.93,0.2581262760521003,0.95,-0.02456643131721614,6.730229262022491e-4
0.93,0.10790358475603037,1,-4.811426058000768e-4,0.00322263586072863
0.9400000000000001,1.569008501640422,-1,-0.19865497172081803,0.0010186368869493452
0.9400000000000001,1.36165702034151,-0.5,-0.17026496915357764,9.05909572537652e-4
0.9400000000000001,1.115987940078563,0,-0.1366059277448337,7.805927741760765e-4
0.9400000000000001,0.7965244216160158,0.5,-0.09279578541842452,6.409044155664503e-4
0.9400000000000001,0.37543962087529137,0.9,-0.03472282697643717,5.606067371534543e-4
0.9400000000000001,0.27966711913301084,0.95,-0.021289509791476587,6.104912861557787e-4
0.9400000000000001,0.11326628133144401,1,0.0012253540993064466,0.0030406432419445954
0.9500000000000001,1.7476624214622565,-1,-0.17911702867595114,9.375193038742563e-4
0.9500000000000001,1.5163326102150114,-0.5,-0.15332642424034232,8.376092532632605e-4
0.9500000000000001,1.2421648156558949,0,-0.122746799506142,7.273167001107477e-4
0.9500000000000001,0.8855803083336006,0.5,-0.08293671214369999,6.056443654938695e-4
0.9500000000000001,0.4146358647594687,0.9,-0.030106774044179798,5.298248793302654e-4
0.9500000000000001,0.3068276283851654,0.95,-0.017833875066521093,5.586989589515671e-4
0.9500000000000001,0.11867071494869816,1,0.0031981823320880376,0.0027841834380564925
0.9600000000000001,1.9858252645823016,-1,-0.15784108362088187,8.520044348785604e-4
0.9600000000000001,1.7225260809101806,-0.5,-0.1348838070976912,7.663154555693188e-4
0.9600000000000001,1.4104408016691128,0,-0.10766141797897692,6.727180074223916e-4
0.9600000000000001,1.0043704086487675,0.5,-0.07221466454361201,5.711870660596776e-4
0.9600000000000001,0.4669425499102234,0.9,-0.025122067219122416,5.051198173173997e-4
0.9600000000000001,0.34311664934079955,0.95,-0.01413472580372645,5.191331361451782e-4
0.9600000000000001,0.12569192737668688,1,0.004612098246596218,0.0024955867629478288
0.97,2.3292264547164336,-1,-0.1340635114055076,7.609415781890429e-4
0.97,2.0198393679168456,-0.5,-0.1142759854116539,6.914230983653056e-4
0.97,1.653072727581649,0,-0.09081030553836898,6.167293815275486e-4
0.97,1.175662804229552,0.5,-0.06024885844609475,5.378519175855188e-4
0.97,0.5425571030288672,0.9,-0.019600728989616352,4.8643620617279805e-4
0.97,0.3956118100895778,0.95,-0.010077693112778566,4.918303563726726e-4
0.97,0.13446707379779632,1,0.007680244451699023,0.002116804580820062
0.98,2.8960811948395415,-1,-0.10629076546763558,6.628567219680746e-4
0.98,2.510688826479308,-0.5,-0.09020978160951325,6.123773470073374e-4
0.98,2.0536595844595453,0,-0.07113803380341928,5.596089725655125e-4
0.98,1.4585616415032936,0.5,-0.04629394100840813,5.063097521399751e-4
0.98,0.6677188386874197,0.9,-0.013212845246063438,4.735593674129286e-4
0.98,0.48290106392976617,0.95,-0.005431965159424865,4.753369844276752e-4
0.98,0.14718252482014252,1,0.010557240436584264,0.001529969007752379
0.99,4.1550633627241815,-1,-0.07065163979235993,5.566736590036029e-4
0.99,3.600826044013416,-0.5,-0.05933311223536299,5.297197450050167e-4
0.99,2.9435257815642286,0,-0.04590840533167651,5.030288374647614e-4
0.99,2.0873056429178813,0.5,-0.028416768261530986,4.783602435640314e-4
0.99,0.947002727647609,0.9,-0.005099538784528143,4.6644897071238504e-4
0.99,0.6786244324434831,0.95,4.0559646787018496e-4,4.6775699009432125e-4
0.99,0.166740631073683,1,0.011603934741179638,0.001095888637413583
1,175.1720992236821,-1,0.012888466356495716,4.710812107913937e-4
1,175.1720992236821,-0.5,0.013140829629713437,4.713104072860664e-4
1,175.1720992236821,0,0.013393193667189097,4.715427973665716e-4
1,175.1720992236821,0.5,0.01364555846893014,4.71778376347155e-4
1,175.1720992236821,0.9,0.013847450860598721,4.7196913235549655e-4
1,175.1720992236821,0.95,0.013872687443949856,4.719931200218536e-4
1,175.1720992236821,1,0.013897924034943662,4.720171394867022e-4
