CVaR,CVaR.se,p,q,rho,type,Type,Correlation
-0.021984175679771657,0.006663022662403426,0.7000000000000001,0.0482153565313621,NA,CATE-CVaR,CATE-CVaR,NA
-0.021870462345719197,0.00655889133509338,0.7100000000000001,0.0500282929707532,NA,CATE-CVaR,CATE-CVaR,NA
-0.021687465662281146,0.006407690698134363,0.72,0.0517462769323315,NA,CATE-CVaR,CATE-CVaR,NA
-0.021379083748651585,0.0062953277039093855,0.73,0.0535356330519602,NA,CATE-CVaR,CATE-CVaR,NA
-0.020934240924894293,0.0061675778660793285,0.74,0.0555641162794511,NA,CATE-CVaR,CATE-CVaR,NA
-0.020520893460831018,0.006067728186841491,0.75,0.0572622331679653,NA,CATE-CVaR,CATE-CVaR,NA
-0.020105343350751474,0.005939693316891306,0.76,0.0593252275017543,NA,CATE-CVaR,CATE-CVaR,NA
-0.018759766571698804,0.005765662145217828,0.77,0.0613502806077543,NA,CATE-CVaR,CATE-CVaR,NA
-0.018642388166681075,0.005654943809280824,0.78,0.0630490827385418,NA,CATE-CVaR,CATE-CVaR,NA
-0.01799475439565787,0.005480397898738142,0.79,0.0650686766716521,NA,CATE-CVaR,CATE-CVaR,NA
-0.017765401109777652,0.005304650289673398,0.8,0.0671956621563697,NA,CATE-CVaR,CATE-CVaR,NA
-0.017457408205902886,0.00513858214771039,0.81,0.0693602874923737,NA,CATE-CVaR,CATE-CVaR,NA
-0.015121258449323393,0.004964378876847523,0.8200000000000001,0.071791437378169,NA,CATE-CVaR,CATE-CVaR,NA
-0.013921021175225205,0.004850588608866805,0.8300000000000001,0.0740266985061756,NA,CATE-CVaR,CATE-CVaR,NA
-0.0132445164519908,0.004704673060114101,0.8400000000000001,0.0763480621188753,NA,CATE-CVaR,CATE-CVaR,NA
-0.013064004608878708,0.004488115566456429,0.85,0.0785693978140113,NA,CATE-CVaR,CATE-CVaR,NA
-0.012736295193927709,0.004367983454893912,0.86,0.081040078581188,NA,CATE-CVaR,CATE-CVaR,NA
-0.01217540137430141,0.004198428708748783,0.87,0.0841376517814535,NA,CATE-CVaR,CATE-CVaR,NA
-0.011784523595711346,0.004097363399684848,0.88,0.0870105872296962,NA,CATE-CVaR,CATE-CVaR,NA
-0.011370071361657075,0.003972571464337383,0.89,0.0903416025066373,NA,CATE-CVaR,CATE-CVaR,NA
-0.011149828516755783,0.0037852734649327347,0.9,0.0936862109519653,NA,CATE-CVaR,CATE-CVaR,NA
-0.011009576990775063,0.0036214660801516013,0.91,0.097780753302068,NA,CATE-CVaR,CATE-CVaR,NA
-0.010802885138394482,0.0034354565483793046,0.92,0.102465705118299,NA,CATE-CVaR,CATE-CVaR,NA
-0.008807455120110446,0.003187754906974763,0.93,0.10789282682276,NA,CATE-CVaR,CATE-CVaR,NA
-0.007518852542275799,0.002997602208949933,0.9400000000000001,0.113259868860724,NA,CATE-CVaR,CATE-CVaR,NA
-0.006249253229493777,0.00273999937814333,0.9500000000000001,0.118666122455913,NA,CATE-CVaR,CATE-CVaR,NA
-0.005498218736653662,0.002448323522110407,0.9600000000000001,0.125691397993915,NA,CATE-CVaR,CATE-CVaR,NA
-0.0030624315292442647,0.0020556036639065574,0.97,0.134475275456406,NA,CATE-CVaR,CATE-CVaR,NA
-0.001257495496314839,0.0014540676969313387,0.98,0.147178486540326,NA,CATE-CVaR,CATE-CVaR,NA
-0.0011137941262581099,9.910797746857506e-4,0.99,0.166711078547926,NA,CATE-CVaR,CATE-CVaR,NA
0,0,1,0.245391542981891,NA,CATE-CVaR,CATE-CVaR,NA
-0.6162469669296797,0.006663022662403426,0.7000000000000001,0.0482153565313621,NA,Eq. (9) bound,Eq. (9),NA
-0.6091510394335067,0.00655889133509338,0.7100000000000001,0.0500282929707532,NA,Eq. (9) bound,Eq. (9),NA
-0.6017055966350486,0.006407690698134363,0.72,0.0517462769323315,NA,Eq. (9) bound,Eq. (9),NA
-0.593608841526971,0.0062953277039093855,0.73,0.0535356330519602,NA,Eq. (9) bound,Eq. (9),NA
-0.5863319046551502,0.0061675778660793285,0.74,0.0555641162794511,NA,Eq. (9) bound,Eq. (9),NA
-0.5789110113103297,0.006067728186841491,0.75,0.0572622331679653,NA,Eq. (9) bound,Eq. (9),NA
-0.5703833958196198,0.005939693316891306,0.76,0.0593252275017543,NA,Eq. (9) bound,Eq. (9),NA
-0.5608049941938631,0.005765662145217828,0.77,0.0613502806077543,NA,Eq. (9) bound,Eq. (9),NA
-0.5538784965838524,0.005654943809280824,0.78,0.0630490827385418,NA,Eq. (9) bound,Eq. (9),NA
-0.5459737033434029,0.005480397898738142,0.79,0.0650686766716521,NA,Eq. (9) bound,Eq. (9),NA
-0.539864155410024,0.005304650289673398,0.8,0.0671956621563697,NA,Eq. (9) bound,Eq. (9),NA
-0.5327618669934168,0.00513858214771039,0.81,0.0693602874923737,NA,Eq. (9) bound,Eq. (9),NA
-0.524142605428626,0.004964378876847523,0.8200000000000001,0.071791437378169,NA,Eq. (9) bound,Eq. (9),NA
-0.5168103097769873,0.004850588608866805,0.8300000000000001,0.0740266985061756,NA,Eq. (9) bound,Eq. (9),NA
-0.5091982291029613,0.004704673060114101,0.8400000000000001,0.0763480621188753,NA,Eq. (9) bound,Eq. (9),NA
-0.5025670400731805,0.004488115566456429,0.85,0.0785693978140113,NA,Eq. (9) bound,Eq. (9),NA
-0.4962636860259444,0.004367983454893912,0.86,0.081040078581188,NA,Eq. (9) bound,Eq. (9),NA
-0.49104610443528307,0.004198428708748783,0.87,0.0841376517814535,NA,Eq. (9) bound,Eq. (9),NA
-0.4875509550918867,0.004097363399684848,0.88,0.0870105872296962,NA,Eq. (9) bound,Eq. (9),NA
-0.4822051463265109,0.003972571464337383,0.89,0.0903416025066373,NA,Eq. (9) bound,Eq. (9),NA
-0.4765464892115776,0.0037852734649327347,0.9,0.0936862109519653,NA,Eq. (9) bound,Eq. (9),NA
-0.4698812568498274,0.0036214660801516013,0.91,0.097780753302068,NA,Eq. (9) bound,Eq. (9),NA
-0.464495483312272,0.0034354565483793046,0.92,0.102465705118299,NA,Eq. (9) bound,Eq. (9),NA
-0.45762213812837305,0.003187754906974763,0.93,0.10789282682276,NA,Eq. (9) bound,Eq. (9),NA
-0.4515591814475942,0.002997602208949933,0.9400000000000001,0.113259868860724,NA,Eq. (9) bound,Eq. (9),NA
-0.4456155323689231,0.00273999937814333,0.9500000000000001,0.118666122455913,NA,Eq. (9) bound,Eq. (9),NA
-0.44028763058686804,0.002448323522110407,0.9600000000000001,0.125691397993915,NA,Eq. (9) bound,Eq. (9),NA
-0.43336916467601655,0.0020556036639065574,0.97,0.134475275456406,NA,Eq. (9) bound,Eq. (9),NA
-0.4271728661262154,0.0014540676969313387,0.98,0.147178486540326,NA,Eq. (9) bound,Eq. (9),NA
-0.42272636142934406,9.910797746857506e-4,0.99,0.166711078547926,NA,Eq. (9) bound,Eq. (9),NA
-0.4173956758453684,0,1,0.245391542981891,NA,Eq. (9) bound,Eq. (9),NA
-0.6174424841178687,0.006663022662403426,0.7000000000000001,0.0482153565313621,NA,Eq. (10) bound,Eq. (10),NA
-0.6103297199942128,0.00655889133509338,0.7100000000000001,0.0500282929707532,NA,Eq. (10) bound,Eq. (10),NA
-0.602867909947415,0.006407690698134363,0.72,0.0517462769323315,NA,Eq. (10) bound,Eq. (10),NA
-0.5947552349603451,0.0062953277039093855,0.73,0.0535356330519602,NA,Eq. (10) bound,Eq. (10),NA
-0.5874628075220552,0.0061675778660793285,0.74,0.0555641162794511,NA,Eq. (10) bound,Eq. (10),NA
-0.5800268358233331,0.006067728186841491,0.75,0.0572622331679653,NA,Eq. (10) bound,Eq. (10),NA
-0.5714845379857738,0.005939693316891306,0.76,0.0593252275017543,NA,Eq. (10) bound,Eq. (10),NA
-0.561891834651535,0.005765662145217828,0.77,0.0613502806077543,NA,Eq. (10) bound,Eq. (10),NA
-0.5549514013863306,0.005654943809280824,0.78,0.0630490827385418,NA,Eq. (10) bound,Eq. (10),NA
-0.547033024693283,0.005480397898738142,0.79,0.0650686766716521,NA,Eq. (10) bound,Eq. (10),NA
-0.5409102323480315,0.005304650289673398,0.8,0.0671956621563697,NA,Eq. (10) bound,Eq. (10),NA
-0.5337950310848232,0.00513858214771039,0.81,0.0693602874923737,NA,Eq. (10) bound,Eq. (10),NA
-0.5251631721411589,0.004964378876847523,0.8200000000000001,0.071791437378169,NA,Eq. (10) bound,Eq. (10),NA
-0.5178185819665173,0.004850588608866805,0.8300000000000001,0.0740266985061756,NA,Eq. (10) bound,Eq. (10),NA
-0.510194498856062,0.004704673060114101,0.8400000000000001,0.0763480621188753,NA,Eq. (10) bound,Eq. (10),NA
-0.5035515892107028,0.004488115566456429,0.85,0.0785693978140113,NA,Eq. (10) bound,Eq. (10),NA
-0.4972367865775543,0.004367983454893912,0.86,0.081040078581188,NA,Eq. (10) bound,Eq. (10),NA
-0.4920080190869509,0.004198428708748783,0.87,0.0841376517814535,NA,Eq. (10) bound,Eq. (10),NA
-0.4885019376081472,0.004097363399684848,0.88,0.0870105872296962,NA,Eq. (10) bound,Eq. (10),NA
-0.48314544194918235,0.003972571464337383,0.89,0.0903416025066373,NA,Eq. (10) bound,Eq. (10),NA
-0.4774763350364938,0.0037852734649327347,0.9,0.0936862109519653,NA,Eq. (10) bound,Eq. (10),NA
-0.4708008861813985,0.0036214660801516013,0.91,0.097780753302068,NA,Eq. (10) bound,Eq. (10),NA
-0.46540511817565555,0.0034354565483793046,0.92,0.102465705118299,NA,Eq. (10) bound,Eq. (10),NA
-0.4585219929739359,0.003187754906974763,0.93,0.10789282682276,NA,Eq. (10) bound,Eq. (10),NA
-0.45244946391097657,0.002997602208949933,0.9400000000000001,0.113259868860724,NA,Eq. (10) bound,Eq. (10),NA
-0.44649644355616536,0.00273999937814333,0.9500000000000001,0.118666122455913,NA,Eq. (10) bound,Eq. (10),NA
-0.4411593653448096,0.002448323522110407,0.9600000000000001,0.125691397993915,NA,Eq. (10) bound,Eq. (10),NA
-0.43423191184886994,0.0020556036639065574,0.97,0.134475275456406,NA,Eq. (10) bound,Eq. (10),NA
-0.42802680879915145,0.0014540676969313387,0.98,0.147178486540326,NA,Eq. (10) bound,Eq. (10),NA
-0.42357167715987,9.910797746857506e-4,0.99,0.166711078547926,NA,Eq. (10) bound,Eq. (10),NA
-0.4182325368832225,0,1,0.245391542981891,NA,Eq. (10) bound,Eq. (10),NA
-0.5358826696893891,0.0025631059272868033,0.7000000000000001,0.37620751253829865,-1,Thm. 3.4 bound,Thm. 3.4,-1
-0.46289236385776733,0.0022543239408032187,0.7000000000000001,0.32846755573688946,-0.5,Thm. 3.4 bound,Thm. 3.4,-0.5
-0.37647397692918694,0.0019152042540267243,0.7000000000000001,0.2720009219342425,0,Thm. 3.4 bound,Thm. 3.4,0
-0.2643704446926464,0.0015860330008212575,0.7000000000000001,0.19910157698168843,0.5,Thm. 3.4 bound,Thm. 3.4,0.5
-0.11799813666279989,0.001963572325709504,0.7000000000000001,0.10527309820469907,0.9,Thm. 3.4 bound,Thm. 3.4,0.9
-0.08530859969807636,0.002478630866128581,0.7000000000000001,0.0847966490831139,0.95,Thm. 3.4 bound,Thm. 3.4,0.95
-0.025227033801482446,0.006712293416773153,0.7000000000000001,0.04820288479825219,1,Thm. 3.4 bound,Thm. 3.4,1
-0.5228665440858661,0.0025016902155279614,0.7100000000000001,0.3982848196182541,-1,Thm. 3.4 bound,Thm. 3.4,-1
-0.45159438714209643,0.002200082302523907,0.7100000000000001,0.3475995403448915,-0.5,Thm. 3.4 bound,Thm. 3.4,-0.5
-0.3672073947498278,0.0018684315406751768,0.7100000000000001,0.2877170772347436,0,Thm. 3.4 bound,Thm. 3.4,0
-0.2577313983386151,0.0015444371528226587,0.7100000000000001,0.21031636102300333,0.5,Thm. 3.4 bound,Thm. 3.4,0.5
-0.1147564733027044,0.0019036990257482128,0.7100000000000001,0.11067035244036408,0.9,Thm. 3.4 bound,Thm. 3.4,0.9
-0.0828190676912473,0.0024069949443868547,0.7100000000000001,0.08888551028235356,0.95,Thm. 3.4 bound,Thm. 3.4,0.95
-0.025055946683290448,0.0066057110436205805,0.7100000000000001,0.0500204723087367,1,Thm. 3.4 bound,Thm. 3.4,1
-0.5098992541115028,0.0024405464072944677,0.72,0.42105182866257085,-1,Thm. 3.4 bound,Thm. 3.4,-1
-0.440338541780486,0.0021460930966626076,0.72,0.3673496463295305,-0.5,Thm. 3.4 bound,Thm. 3.4,-0.5
-0.3579750546468168,0.0018218700878309517,0.72,0.30390849652618424,0,Thm. 3.4 bound,Thm. 3.4,0
-0.2511160635438611,0.001502987941422523,0.72,0.22186757393120135,0.5,Thm. 3.4 bound,Thm. 3.4,0.5
-0.11152356999776088,0.0018435614358131404,0.72,0.11619672805297585,0.9,Thm. 3.4 bound,Thm. 3.4,0.9
-0.08033322519676246,0.0023343841656328274,0.72,0.09309544424506402,0.95,Thm. 3.4 bound,Thm. 3.4,0.95
-0.02481014616494716,0.006452174928896208,0.72,0.05174391031916045,1,Thm. 3.4 bound,Thm. 3.4,1
-0.4969684017272711,0.0023796327615408642,0.73,0.4446107561409063,-1,Thm. 3.4 bound,Thm. 3.4,-1
-0.4291141535222171,0.0020923125058923834,0.73,0.38778309064685446,-0.5,Thm. 3.4 bound,Thm. 3.4,-0.5
-0.34876839048679537,0.0017754904767964257,0.73,0.32058326037499807,0,Thm. 3.4 bound,Thm. 3.4,0
-0.24451836530408688,0.0014616715706026078,0.73,0.23380143354033828,0.5,Thm. 3.4 bound,Thm. 3.4,0.5
-0.10829607447734121,0.0017825552341723147,0.73,0.12192828046858395,0.9,Thm. 3.4 bound,Thm. 3.4,0.9
-0.07784919677991967,0.0022607496960797002,0.73,0.09743693568076897,0.95,Thm. 3.4 bound,Thm. 3.4,0.95
-0.024616101069802446,0.006339345709542875,0.73,0.053537370513913135,1,Thm. 3.4 bound,Thm. 3.4,1
-0.48406168048504356,0.002318873054626437,0.74,0.4689841818593689,-1,Thm. 3.4 bound,Thm. 3.4,-1
-0.41791061439558796,0.0020386816046855313,0.74,0.40892004957093886,-0.5,Thm. 3.4 bound,Thm. 3.4,-0.5
-0.33957845364105055,0.0017292687014611634,0.74,0.3379233510265234,0,Thm. 3.4 bound,Thm. 3.4,0
-0.23793237419113583,0.001420523008317129,0.74,0.2461297727243008,0.5,Thm. 3.4 bound,Thm. 3.4,0.5
-0.10507248169933311,0.001721433190010661,0.74,0.12780683462404413,0.9,Thm. 3.4 bound,Thm. 3.4,0.9
-0.07536545316222912,0.002186302506505874,0.74,0.10190486938880723,0.95,Thm. 3.4 bound,Thm. 3.4,0.95
-0.024532085413185224,0.006210789421894466,0.74,0.05555534695403534,1,Thm. 3.4 bound,Thm. 3.4,1
-0.47116613629536785,0.002258240035489257,0.75,0.4943432539649566,-1,Thm. 3.4 bound,Thm. 3.4,-1
-0.4067166975321026,0.0019851785864262086,0.75,0.4309223390808723,-0.5,Thm. 3.4 bound,Thm. 3.4,-0.5
-0.3303964391252211,0.0016831723966963452,0.75,0.3558989631356208,0,Thm. 3.4 bound,Thm. 3.4,0
-0.23135161911874186,0.0013794847977844187,0.75,0.25894830122493073,0.5,Thm. 3.4 bound,Thm. 3.4,0.5
-0.10184998693950456,0.0016600666844451461,0.75,0.133865033134587,0.9,Thm. 3.4 bound,Thm. 3.4,0.9
-0.07288001357061422,0.002110942088773204,0.75,0.10651631515950223,0.95,Thm. 3.4 bound,Thm. 3.4,0.95
-0.024160322751325014,0.006109924594414586,0.75,0.057264602381674454,1,Thm. 3.4 bound,Thm. 3.4,1
-0.45826837016868993,0.0021976593946443686,0.76,0.5207446607720625,-1,Thm. 3.4 bound,Thm. 3.4,-1
-0.3955209182892292,0.0019317337222429264,0.76,0.45379145063209425,-0.5,Thm. 3.4 bound,Thm. 3.4,-0.5
-0.3212127571841519,0.001637173399674277,0.76,0.3746607350579352,0,Thm. 3.4 bound,Thm. 3.4,0
-0.22476965440200314,0.0013385972780698746,0.76,0.2722789281685083,0.5,Thm. 3.4 bound,Thm. 3.4,0.5
-0.09862501926213088,0.0015979115781457574,0.76,0.14018357233735546,0.9,Thm. 3.4 bound,Thm. 3.4,0.9
-0.07039149800035759,0.0020350577333042756,0.76,0.11125769813740927,0.95,Thm. 3.4 bound,Thm. 3.4,0.95
-0.02240976117743374,0.005981592518222336,0.76,0.05933182741947124,1,Thm. 3.4 bound,Thm. 3.4,1
-0.44535420271448667,0.0021370699957409815,0.77,0.5482991278303904,-1,Thm. 3.4 bound,Thm. 3.4,-1
-0.384310938264668,0.0018783143603645475,0.77,0.4776878290633684,-0.5,Thm. 3.4 bound,Thm. 3.4,-0.5
-0.31201768182140377,0.001591240571383892,0.77,0.3941878420687013,0,Thm. 3.4 bound,Thm. 3.4,0
-0.218179575754549,0.001297869912720888,0.77,0.2861771079459997,0.5,Thm. 3.4 bound,Thm. 3.4,0.5
-0.0953957901126115,0.0015357775891071336,0.77,0.14670494909107695,0.9,Thm. 3.4 bound,Thm. 3.4,0.9
-0.06789733434192947,0.0019582559461734403,0.77,0.11616982081071325,0.95,Thm. 3.4 bound,Thm. 3.4,0.95
-0.019402533094140452,0.0058084275281193665,0.77,0.061356095217822114,1,Thm. 3.4 bound,Thm. 3.4,1
-0.4324085062962792,0.0020764218426535556,0.78,0.5771852929516919,-1,Thm. 3.4 bound,Thm. 3.4,-1
-0.3730737435568876,0.0018248688761567924,0.78,0.502722491201619,-0.5,Thm. 3.4 bound,Thm. 3.4,-0.5
-0.3028004380652049,0.001545343766205018,0.78,0.4146735200040641,0,Thm. 3.4 bound,Thm. 3.4,0
-0.21157393845005837,0.0012572859582880914,0.78,0.30073452837533915,0.5,Thm. 3.4 bound,Thm. 3.4,0.5
-0.09215807296381312,0.0014729412213117742,0.78,0.15354002025550756,0.9,Thm. 3.4 bound,Thm. 3.4,0.9
-0.06539540048565566,0.0018805536536260724,0.78,0.12126940247480553,0.95,Thm. 3.4 bound,Thm. 3.4,0.95
-0.018928457604524065,0.00569757858370624,0.78,0.063040016367232235,1,Thm. 3.4 bound,Thm. 3.4,1
-0.4194151937011579,0.0020156328428267206,0.79,0.6074972720275968,-1,Thm. 3.4 bound,Thm. 3.4,-1
-0.3617953999702688,0.0017713423174816937,0.79,0.5290165710613239,-0.5,Thm. 3.4 bound,Thm. 3.4,-0.5
-0.29354981952359,0.0014994506254017632,0.79,0.4361662148700388,0,Thm. 3.4 bound,Thm. 3.4,0
-0.20494498733905464,0.0012168891866651175,0.79,0.31599570065421395,0.5,Thm. 3.4 bound,Thm. 3.4,0.5
-0.08890979577526606,0.001410258834213698,0.79,0.16063251400385337,0.9,Thm. 3.4 bound,Thm. 3.4,0.9
-0.06288363581590264,0.0018020766625551092,0.79,0.1265692642065356,0.95,Thm. 3.4 bound,Thm. 3.4,0.95
-0.017350573792733973,0.005523880122449292,0.79,0.0650545198931647,1,Thm. 3.4 bound,Thm. 3.4,1
-0.4063567593950887,0.0019546443353083997,0.8,0.6394559400871995,-1,Thm. 3.4 bound,Thm. 3.4,-1
-0.3504608440547979,0.0017176774580922743,0.8,0.5567117162218385,-0.5,Thm. 3.4 bound,Thm. 3.4,-0.5
-0.2842535252721332,0.0014535276732173127,0.8,0.4588177950401465,0,Thm. 3.4 bound,Thm. 3.4,0
-0.1982840546091704,0.0011766547558195483,0.8,0.33209006479898806,0.5,Thm. 3.4 bound,Thm. 3.4,0.5
-0.08564603331999313,0.001346960380411134,0.8,0.16811649056221384,0.9,Thm. 3.4 bound,Thm. 3.4,0.9
-0.060358877972631224,0.0017223760947257672,0.8,0.13212744515702168,0.95,Thm. 3.4 bound,Thm. 3.4,0.95
-0.01722096568106254,0.005346782115383655,0.8,0.0671862261635102,1,Thm. 3.4 bound,Thm. 3.4,1
-0.3932123973063594,0.0018933964297314172,0.81,0.6733441031430267,-1,Thm. 3.4 bound,Thm. 3.4,-1
-0.3390520495039785,0.001663830296179581,0.81,0.5860740261960538,-0.5,Thm. 3.4 bound,Thm. 3.4,-0.5
-0.2748969613200893,0.001407539597243245,0.81,0.48279848576101303,0,Thm. 3.4 bound,Thm. 3.4,0
-0.19158102115126208,0.0011366006572552986,0.81,0.34912296962970335,0.5,Thm. 3.4 bound,Thm. 3.4,0.5
-0.0823634892234444,0.0012837064528225203,0.81,0.17597077853818066,0.9,Thm. 3.4 bound,Thm. 3.4,0.9
-0.05781888427907213,0.0016418790938786032,0.81,0.13794675296602477,0.95,Thm. 3.4 bound,Thm. 3.4,0.95
-0.01624708948243974,0.005178796741750621,0.81,0.06935340001779544,1,Thm. 3.4 bound,Thm. 3.4,1
-0.37996171932040285,0.001831781279811172,0.8200000000000001,0.7092867655201996,-1,Thm. 3.4 bound,Thm. 3.4,-1
-0.3275514482997831,0.001609717039262574,0.8200000000000001,0.6171948521635239,-0.5,Thm. 3.4 bound,Thm. 3.4,-0.5
-0.2654657243258152,0.0013614488454175345,0.8200000000000001,0.5082804784574741,0,Thm. 3.4 bound,Thm. 3.4,0
-0.1848260292738794,0.0010967813206200063,0.8200000000000001,0.3671692341073541,0.5,Thm. 3.4 bound,Thm. 3.4,0.5
-0.07905732883068407,0.0012202060319612574,0.8200000000000001,0.18429914435049105,0.9,Thm. 3.4 bound,Thm. 3.4,0.9
-0.05526057430590592,0.0015604363742867961,0.8200000000000001,0.14407844896377073,0.95,Thm. 3.4 bound,Thm. 3.4,0.95
-0.013288435289566924,0.005006419462227864,0.8200000000000001,0.07176954451198173,1,Thm. 3.4 bound,Thm. 3.4,1
-0.36658151454750093,0.0017697312782629425,0.8300000000000001,0.7476796791656681,-1,Thm. 3.4 bound,Thm. 3.4,-1
-0.3159388864012157,0.0015552916907191924,0.8300000000000001,0.6504706005710245,-0.5,Thm. 3.4 bound,Thm. 3.4,-0.5
-0.25594362044082264,0.0013152147184119542,0.8300000000000001,0.5354465401091133,0,Thm. 3.4 bound,Thm. 3.4,0
-0.178007571154621,0.0010571702192417771,0.8300000000000001,0.38643298839018975,0.5,Thm. 3.4 bound,Thm. 3.4,0.5
-0.07572392378902365,0.0011571925112146757,0.8300000000000001,0.1930866885391586,0.9,Thm. 3.4 bound,Thm. 3.4,0.9
-0.05268107457428733,0.0014782441149008845,0.8300000000000001,0.15055817811342287,0.95,Thm. 3.4 bound,Thm. 3.4,0.95
-0.011547854120948314,0.004891381741298689,0.8300000000000001,0.07400151670431543,1,Thm. 3.4 bound,Thm. 3.4,1
-0.35304539306509986,0.0017071560727081375,0.8400000000000001,0.788928817528738,-1,Thm. 3.4 bound,Thm. 3.4,-1
-0.3041916338716366,0.0015004728517662355,0.8400000000000001,0.6861732775327705,-0.5,Thm. 3.4 bound,Thm. 3.4,-0.5
-0.24631198781794802,0.0012687945452249181,0.8400000000000001,0.5646301153200525,0,Thm. 3.4 bound,Thm. 3.4,0
-0.17111276775753115,0.001017796119342926,0.8400000000000001,0.407079821895921,0.5,Thm. 3.4 bound,Thm. 3.4,0.5
-0.07235657468173609,0.0010940631069811034,0.8400000000000001,0.2025176896475827,0.9,Thm. 3.4 bound,Thm. 3.4,0.9
-0.05007697644048523,0.0013954518185821656,0.8400000000000001,0.15743642982996953,0.95,Thm. 3.4 bound,Thm. 3.4,0.95
-0.009035519243665857,0.0047337672731238905,0.8400000000000001,0.0763682383268038,1,Thm. 3.4 bound,Thm. 3.4,1
-0.3393234853618857,0.001643931710503945,0.85,0.8333802541902029,-1,Thm. 3.4 bound,Thm. 3.4,-1
-0.29228377857610377,0.001445179924446099,0.85,0.7246981221500396,-0.5,Thm. 3.4 bound,Thm. 3.4,-0.5
-0.2365498463640167,0.0012221397831009245,0.85,0.5960845800109396,0,Thm. 3.4 bound,Thm. 3.4,0
-0.16412682215746227,9.78661842841001e-4,0.85,0.4293592289128431,0.5,Thm. 3.4 bound,Thm. 3.4,0.5
-0.06895002872599637,0.001031502469128109,0.85,0.21262332101022796,0.9,Thm. 3.4 bound,Thm. 3.4,0.9
-0.04744390454984082,0.001311919609966145,0.85,0.16480450716563788,0.95,Thm. 3.4 bound,Thm. 3.4,0.95
-0.008130126702844399,0.00453063843871667,0.85,0.07856220749388299,1,Thm. 3.4 bound,Thm. 3.4,1
-0.3253812446599161,0.0015799559762405292,0.86,0.8817012118936347,-1,Thm. 3.4 bound,Thm. 3.4,-1
-0.2801854840947769,0.0013893267978058142,0.86,0.7665679115327002,-0.5,Thm. 3.4 bound,Thm. 3.4,-0.5
-0.2266328485107141,0.001175199385544125,0.86,0.630265533055282,0,Thm. 3.4 bound,Thm. 3.4,0
-0.15703278213041608,9.397889083395227e-4,0.86,0.45354761310647707,0.5,Thm. 3.4 bound,Thm. 3.4,0.5
-0.06549722339627512,9.69728793582408e-4,0.86,0.2235286465416321,0.9,Thm. 3.4 bound,Thm. 3.4,0.9
-0.044778284664665415,0.0012283274124998906,0.86,0.17270394149582888,0.95,Thm. 3.4 bound,Thm. 3.4,0.95
-0.00784965530135574,0.00441050847326511,0.86,0.08102688515920067,1,Thm. 3.4 bound,Thm. 3.4,1
-0.31117855130809297,0.001515087503933358,0.87,0.9345618313660127,-1,Thm. 3.4 bound,Thm. 3.4,-1
-0.2678620877104363,0.0013328033620681053,0.87,0.812323991980468,-0.5,Thm. 3.4 bound,Thm. 3.4,-0.5
-0.21653275493707602,0.00112791462295336,0.87,0.6676424016255048,0,Thm. 3.4 bound,Thm. 3.4,0
-0.1498109339495569,9.012110542276501e-4,0.87,0.4799564865586275,0.5,Thm. 3.4 bound,Thm. 3.4,0.5
-0.06198987780883858,9.090164595834801e-4,0.87,0.23539524584569677,0.9,Thm. 3.4 bound,Thm. 3.4,0.9
-0.0420748475385429,0.001144857968326444,0.87,0.1812427832213665,0.95,Thm. 3.4 bound,Thm. 3.4,0.95
-0.007511223455272455,0.0042407043811245335,0.87,0.08414790908786719,1,Thm. 3.4 bound,Thm. 3.4,1
-0.29666795400812873,0.001449171306940744,0.88,0.9928724428310806,-1,Thm. 3.4 bound,Thm. 3.4,-1
-0.25527246859274505,0.0012755027513360001,0.88,0.8628330817237224,-0.5,Thm. 3.4 bound,Thm. 3.4,-0.5
-0.20621611244014293,0.0010802207783242761,0.88,0.7088674175451077,0,Thm. 3.4 bound,Thm. 3.4,0
-0.1424376611568554,8.629192679238147e-4,0.88,0.5091117503112312,0.5,Thm. 3.4 bound,Thm. 3.4,0.5
-0.058418220359519255,8.497288710449919e-4,0.88,0.24843344041179827,0.9,Thm. 3.4 bound,Thm. 3.4,0.9
-0.039326729847649566,0.0010614666921303093,0.88,0.19059394304912658,0.95,Thm. 3.4 bound,Thm. 3.4,0.95
-0.007114642928205613,0.004136996383935314,0.88,0.08702077920395557,1,Thm. 3.4 bound,Thm. 3.4,1
-0.2817924527713065,0.0013820317541026943,0.89,1.0578721810024074,-1,Thm. 3.4 bound,Thm. 3.4,-1
-0.24236735046973193,0.001217289491624927,0.89,0.9191111094214882,-0.5,Thm. 3.4 bound,Thm. 3.4,-0.5
-0.19564273804444604,0.0010320452108123779,0.89,0.754797155013075,0,Thm. 3.4 bound,Thm. 3.4,0
-0.13488486151151835,8.24950002301124e-4,0.89,0.5415631018995575,0.5,Thm. 3.4 bound,Thm. 3.4,0.5
-0.054770851291853447,7.924803197080298e-4,0.89,0.26288571753087087,0.9,Thm. 3.4 bound,Thm. 3.4,0.9
-0.036527201769800524,9.790744954646343e-4,0.89,0.20088108206056765,0.95,Thm. 3.4 bound,Thm. 3.4,0.95
-0.006834722332346853,0.004012270297583583,0.89,0.09035387880419869,1,Thm. 3.4 bound,Thm. 3.4,1
-0.2664824373227699,0.0013134505327768707,0.9,1.1311173503248395,-1,Thm. 3.4 bound,Thm. 3.4,-1
-0.2290864601031993,0.0011580101937708166,0.9,0.9825700377927926,-0.5,Thm. 3.4 bound,Thm. 3.4,-0.5
-0.18476349950186965,9.833059327277252e-4,0.9,0.8065836516255307,0,Thm. 3.4 bound,Thm. 3.4,0
-0.12711795431088885,7.873181526761625e-4,0.9,0.5781417296344632,0.5,Thm. 3.4 bound,Thm. 3.4,0.5
-0.05103341040543682,7.378094193178527e-4,0.9,0.27913102300706516,0.9,Thm. 3.4 bound,Thm. 3.4,0.9
-0.03366590719722455,8.978621524875745e-4,0.9,0.21238750008656748,0.95,Thm. 3.4 bound,Thm. 3.4,0.95
-0.006503942459810535,0.0038255034485387457,0.9,0.09370187263636076,1,Thm. 3.4 bound,Thm. 3.4,1
-0.2506395253361137,0.0012431762395692574,0.91,1.2148647613112857,-1,Thm. 3.4 bound,Thm. 3.4,-1
-0.215344712516553,0.0010974778065886727,0.91,1.0550845410171399,-0.5,Thm. 3.4 bound,Thm. 3.4,-0.5
-0.17350904254250313,9.339072663311543e-4,0.91,0.865764278150283,0,Thm. 3.4 bound,Thm. 3.4,0
-0.1190882073439276,7.500574526852536e-4,0.91,0.6199148748231786,0.5,Thm. 3.4 bound,Thm. 3.4,0.5
-0.04718622136276954,6.866106224805898e-4,0.91,0.29760431075047866,0.9,Thm. 3.4 bound,Thm. 3.4,0.9
-0.03072956369182829,8.189829879285939e-4,0.91,0.2253937644766815,0.95,Thm. 3.4 bound,Thm. 3.4,0.95
-0.004385573489041342,0.003661501487886409,0.91,0.09778061097189028,1,Thm. 3.4 bound,Thm. 3.4,1
-0.23415720390279254,0.0011708965600334181,0.92,1.312274999808912,-1,Thm. 3.4 bound,Thm. 3.4,-1
-0.20104990491260197,0.0010354740497714604,0.92,1.1394002265408558,-0.5,Thm. 3.4 bound,Thm. 3.4,-0.5
-0.16180417424016874,8.837415936146873e-4,0.92,0.9345771487527419,0,Thm. 3.4 bound,Thm. 3.4,0
-0.11074260474243296,7.131974896345753e-4,0.92,0.6684941201618739,0.5,Thm. 3.4 bound,Thm. 3.4,0.5
-0.043206908604615256,6.394689520434273e-4,0.92,0.31906865801463846,0.9,Thm. 3.4 bound,Thm. 3.4,0.9
-0.027702381580345506,7.433985328998248e-4,0.92,0.24040606826977262,0.95,Thm. 3.4 bound,Thm. 3.4,0.95
-0.0033276305787659447,0.0034760907583340894,0.92,0.10247788957947135,1,Thm. 3.4 bound,Thm. 3.4,1
-0.21688722116226622,0.0010962147986380043,0.93,1.4279049022277845,-1,Thm. 3.4 bound,Thm. 3.4,-1
-0.18607370971823606,9.717272612193884e-4,0.93,1.2394892711805878,-0.5,Thm. 3.4 bound,Thm. 3.4,-0.5
-0.1495442438171767,8.326826781298814e-4,0.93,1.0162647505517555,0,Thm. 3.4 bound,Thm. 3.4,0
-0.10200745662770315,6.767907791379226e-4,0.93,0.7261526236019393,0.5,Thm. 3.4 bound,Thm. 3.4,0.5
-0.03906499534685558,5.973144516290153e-4,0.93,0.3444542431129946,0.9,Thm. 3.4 bound,Thm. 3.4,0.9
-0.024563575781509528,6.730229262022491e-4,0.93,0.2581262760521003,0.95,Thm. 3.4 bound,Thm. 3.4,0.95
-5.051020458589046e-4,0.00322263586072863,0.93,0.10790358475603037,1,Thm. 3.4 bound,Thm. 3.4,1
-0.1986245900917779,0.0010186368869493452,0.9400000000000001,1.569008501640422,-1,Thm. 3.4 bound,Thm. 3.4,-1
-0.17023868017013324,9.05909572537652e-4,0.9400000000000001,1.36165702034151,-0.5,Thm. 3.4 bound,Thm. 3.4,-0.5
-0.1365845016441995,7.805927741760765e-4,0.9400000000000001,1.115987940078563,0,Thm. 3.4 bound,Thm. 3.4,0
-0.09278072100096353,6.409044155664503e-4,0.9400000000000001,0.7965244216160158,0.5,Thm. 3.4 bound,Thm. 3.4,0.5
-0.03471645328926434,5.606067371534543e-4,0.9400000000000001,0.37543962087529137,0.9,Thm. 3.4 bound,Thm. 3.4,0.9
-0.021285285661313307,6.104912861557787e-4,0.9400000000000001,0.27966711913301084,0.95,Thm. 3.4 bound,Thm. 3.4,0.95
0.001231649208142401,0.0030406432419445954,0.9400000000000001,0.11326628133144401,1,Thm. 3.4 bound,Thm. 3.4,1
-0.1790740175150926,9.375193038742563e-4,0.9500000000000001,1.7476624214622565,-1,Thm. 3.4 bound,Thm. 3.4,-1
-0.15328920225082648,8.376092532632605e-4,0.9500000000000001,1.5163326102150114,-0.5,Thm. 3.4 bound,Thm. 3.4,-0.5
-0.12271645283385149,7.273167001107477e-4,0.9500000000000001,1.2421648156558949,0,Thm. 3.4 bound,Thm. 3.4,0
-0.08291535570837534,6.056443654938695e-4,0.9500000000000001,0.8855803083336006,0.5,Thm. 3.4 bound,Thm. 3.4,0.5
-0.030097650791277172,5.298248793302654e-4,0.9500000000000001,0.4146358647594687,0.9,Thm. 3.4 bound,Thm. 3.4,0.9
-0.017827848696645276,5.586989589515671e-4,0.9500000000000001,0.3068276283851654,0.95,Thm. 3.4 bound,Thm. 3.4,0.95
0.0031843506636055133,0.0027841834380564925,0.9500000000000001,0.11867071494869816,1,Thm. 3.4 bound,Thm. 3.4,1
-0.15778144887241402,8.520044348785604e-4,0.9600000000000001,1.9858252645823016,-1,Thm. 3.4 bound,Thm. 3.4,-1
-0.13483219212069739,7.663154555693188e-4,0.9600000000000001,1.7225260809101806,-0.5,Thm. 3.4 bound,Thm. 3.4,-0.5
-0.10761932580770697,6.727180074223916e-4,0.9600000000000001,1.4104408016691128,0,Thm. 3.4 bound,Thm. 3.4,0
-0.07218501535114806,5.711870660596776e-4,0.9600000000000001,1.0043704086487675,0.5,Thm. 3.4 bound,Thm. 3.4,0.5
-0.025109274793723442,5.051198173173997e-4,0.9600000000000001,0.4669425499102234,0.9,Thm. 3.4 bound,Thm. 3.4,0.9
-0.01412619444119674,5.191331361451782e-4,0.9600000000000001,0.34311664934079955,0.95,Thm. 3.4 bound,Thm. 3.4,0.95
0.004651532423220489,0.0024955867629478288,0.9600000000000001,0.12569192737668688,1,Thm. 3.4 bound,Thm. 3.4,1
-0.13397997595494632,7.609415781890429e-4,0.97,2.3292264547164336,-1,Thm. 3.4 bound,Thm. 3.4,-1
-0.11420367378558995,6.914230983653056e-4,0.97,2.0198393679168456,-0.5,Thm. 3.4 bound,Thm. 3.4,-0.5
-0.09075131766221459,6.167293815275486e-4,0.97,1.653072727581649,0,Thm. 3.4 bound,Thm. 3.4,0
-0.06020726793625485,5.378519175855188e-4,0.97,1.175662804229552,0.5,Thm. 3.4 bound,Thm. 3.4,0.5
-0.019582610310686286,4.8643620617279805e-4,0.97,0.5425571030288672,0.9,Thm. 3.4 bound,Thm. 3.4,0.9
-0.010065384030019175,4.918303563726726e-4,0.97,0.3956118100895778,0.95,Thm. 3.4 bound,Thm. 3.4,0.95
0.0076762476743672,0.002116804580820062,0.97,0.13446707379779632,1,Thm. 3.4 bound,Thm. 3.4,1
-0.10616522122536189,6.628567219680746e-4,0.98,2.8960811948395415,-1,Thm. 3.4 bound,Thm. 3.4,-1
-0.09010108933068725,6.123773470073374e-4,0.98,2.510688826479308,-0.5,Thm. 3.4 bound,Thm. 3.4,-0.5
-0.07104934063529673,5.596089725655125e-4,0.98,2.0536595844595453,0,Thm. 3.4 bound,Thm. 3.4,0
-0.04623134339842307,5.063097521399751e-4,0.98,1.4585616415032936,0.5,Thm. 3.4 bound,Thm. 3.4,0.5
-0.013185308196624935,4.735593674129286e-4,0.98,0.6677188386874197,0.9,Thm. 3.4 bound,Thm. 3.4,0.9
-0.0054129439755377234,4.753369844276752e-4,0.98,0.48290106392976617,0.95,Thm. 3.4 bound,Thm. 3.4,0.95
0.010528029561282667,0.001529969007752379,0.98,0.14718252482014252,1,Thm. 3.4 bound,Thm. 3.4,1
-0.07022101481638553,5.566736590036029e-4,0.99,4.1550633627241815,-1,Thm. 3.4 bound,Thm. 3.4,-1
-0.05895915695741444,5.297197450050167e-4,0.99,3.600826044013416,-0.5,Thm. 3.4 bound,Thm. 3.4,-0.5
-0.04560210175825101,5.030288374647614e-4,0.99,2.9435257815642286,0,Thm. 3.4 bound,Thm. 3.4,0
-0.028199346170163515,4.783602435640314e-4,0.99,2.0873056429178813,0.5,Thm. 3.4 bound,Thm. 3.4,0.5
-0.005002145067019134,4.6644897071238504e-4,0.99,0.947002727647609,0.9,Thm. 3.4 bound,Thm. 3.4,0.9
4.741851660561957e-4,4.6775699009432125e-4,0.99,0.6786244324434831,0.95,Thm. 3.4 bound,Thm. 3.4,0.95
0.011615147797142865,0.001095888637413583,0.99,0.166740631073683,1,Thm. 3.4 bound,Thm. 3.4,1
0.012888466356495716,4.710812107913937e-4,1,175.1720992236821,-1,Thm. 3.4 bound,Thm. 3.4,-1
0.013140829629713437,4.713104072860664e-4,1,175.1720992236821,-0.5,Thm. 3.4 bound,Thm. 3.4,-0.5
0.013393193667189097,4.715427973665716e-4,1,175.1720992236821,0,Thm. 3.4 bound,Thm. 3.4,0
0.01364555846893014,4.71778376347155e-4,1,175.1720992236821,0.5,Thm. 3.4 bound,Thm. 3.4,0.5
0.013847450860598721,4.7196913235549655e-4,1,175.1720992236821,0.9,Thm. 3.4 bound,Thm. 3.4,0.9
0.013872687443949856,4.719931200218536e-4,1,175.1720992236821,0.95,Thm. 3.4 bound,Thm. 3.4,0.95
0.013897924034943662,4.720171394867022e-4,1,175.1720992236821,1,Thm. 3.4 bound,Thm. 3.4,1
